app,services,bu,criticality,env
APP-1013,"[""SERVICE-CC14B77F5AC61DD3""]",null,null,PRD
APP-1036,"[""SERVICE-C19CF68AAA87A8CB"",""SERVICE-180409C290383DEA"",""SERVICE-7D3AE57F2D95D129"",""SERVICE-2F0C49A7F1BB15AF"",""SERVICE-013DF9C35B88F937"",""SERVICE-1DF06BDE68D91DC1""]",Adv Tech & Ent Sol,High,PRD
APP-10362,"[""SERVICE-00EB53005F8733C7"",""SERVICE-EF098F4E759C791F""]",Adv Tech & Ent Sol,null,PRD
APP-10385,"[""SERVICE-E1F5C4D07FBFD091""]",null,null,PRD
APP-1049,"[""SERVICE-E082BD866592051A"",""SERVICE-1C07BC985A4B8556"",""SERVICE-C88577946500E880"",""SERVICE-CE1110889FA59E4D"",""SERVICE-DA99CE09C71E07E9"",""SERVICE-1B05A41BB75B3016"",""SERVICE-49724EF4E9C6F137"",""SERVICE-8A138F2CA64A5B50"",""SERVICE-99067DE7415714DB"",""SERVICE-1E8DF536EA96226C"",""SERVICE-3F67133DDC99175B"",""SERVICE-7DAB477A95727742"",""SERVICE-C1C843DA91C63A19""]",Underwriting Systems,High,PRD
APP-10592,"[""SERVICE-23E95D270A15E493""]",IT Infrastructure & Operations,Low,PRD
APP-10594,"[""SERVICE-566DAD5108E22AF5"",""SERVICE-14F1DBDF8454B52B"",""SERVICE-43CFC7A7D828A447"",""SERVICE-6A8E02FAC68BD9C5""]",IT Infrastructure & Operations,High,PRD
APP-10595,"[""SERVICE-F7E18B391DA4158B"",""SERVICE-E4F3C6AC5C826100"",""SERVICE-DD8B767BB864ADFF"",""SERVICE-23EE4933E19F3A26"",""SERVICE-84F49DD9D129A057""]",Underwriting Systems,High,PRD
APP-1079,"[""SERVICE-DA7D86818D040EA6""]",Data Mgmt,High,PRD
APP-1107,"[""SERVICE-6F2713F9E041D84A"",""SERVICE-408E759C40B5196D""]",Claims & SAP,High,PRD
APP-1113,"[""SERVICE-51F6728EDF38ECCD""]",null,null,PRD
APP-1137,"[""SERVICE-CC7D066F5479D54E"",""SERVICE-CB230440C451CF08""]",null,null,PRD
APP-1179,"[""SERVICE-3F61122BAE413920"",""SERVICE-C416264F0F72A84B""]",null,null,PRD
APP-12278,"[""SERVICE-71124F85D426DA6E""]",Claims & SAP,Low,PRD
APP-1234,"[""SERVICE-782B892840296437"",""SERVICE-91FA3552D31F6188"",""SERVICE-E16A310790F07BE0"",""SERVICE-C2500BA71A466E38"",""SERVICE-2D7BE909E1ABB3E0"",""SERVICE-8BA077EDECE289AC"",""SERVICE-3FB089499362BBC9"",""SERVICE-2F4F59A765BBE829"",""SERVICE-F0E54B61569F8519""]",Underwriting Systems,High,PRD
APP-12692,"[""SERVICE-D5B5D153BA0FE50C"",""SERVICE-24239E4E6318B3F6""]",null,null,PRD
APP-1270,"[""SERVICE-B9049328B0587098""]",null,null,PRD
APP-12796,"[""SERVICE-E2FAADEFF16D0843"",""SERVICE-D5681DD88DDBB6F2"",""SERVICE-ACD8C7A9168154F2"",""SERVICE-5352CCB299AF86C3"",""SERVICE-0CC473864CF1C21F""]",null,null,PRD
APP-12797,"[""SERVICE-B3E6F76020654692"",""SERVICE-FE16DA23D4B17DAD""]",Data Mgmt,Low,PRD
APP-13012,"[""SERVICE-F54B808430D1B5A8""]",Adv Tech & Ent Sol,High,PRD
APP-13059,"[""SERVICE-E0DB202F31F275AB""]",Data Mgmt,Low,PRD
APP-1309,"[""SERVICE-0BA5C7CB79B7B8F6""]",Data Mgmt,High,PRD
APP-1544,"[""SERVICE-C1F3EC7B7554C450"",""SERVICE-FE82C390CE1FE7D2"",""SERVICE-348F5D476365779D"",""SERVICE-280DEF772E267530"",""SERVICE-6FB57D7F643041E3"",""SERVICE-E8957E13417081E4"",""SERVICE-5D001E93ECEEF9DD"",""SERVICE-5B8E559FAAE3DE8A"",""SERVICE-0158AC3643CDF1AD"",""SERVICE-B033B6D348C05304"",""SERVICE-8B626B885884A7F9"",""SERVICE-70405E096A3B36D0"",""SERVICE-8EAA17D4C57899E8"",""SERVICE-D20E50D229CFCB76"",""SERVICE-6A4D1D6A34667C2F"",""SERVICE-97A639A6AFC68630"",""SERVICE-E1EC5188C722B5E4"",""SERVICE-B433C6741D672371"",""SERVICE-701408EF632C5469"",""SERVICE-D7C56AACF0267AE2"",""SERVICE-94E72231E5969FAB"",""SERVICE-95229D3583D1FDAF"",""SERVICE-8F4CC71241B5CFBA"",""SERVICE-84B6E3305BE3B4E6"",""SERVICE-0F6C1FFF5373E980""]",Underwriting Systems,High,PRD
APP-1548,"[""SERVICE-467DE4F928E787D4"",""SERVICE-E4F6EC9212B13DA4"",""SERVICE-D131AEEF2D54C413"",""SERVICE-BCFB7CAA0ED74D70"",""SERVICE-1F52D2DDA633CAB6""]",Underwriting Systems,High,PRD
APP-1577,"[""SERVICE-5144E6D4341FBF17"",""SERVICE-5B2FBB0B92D3DA70""]",Data Mgmt,Low,PRD
APP-1677,"[""SERVICE-E0793BE1C765624F"",""SERVICE-5B907A1697A7B933"",""SERVICE-9B2F19323085DB85"",""SERVICE-B5F81042124C043C"",""SERVICE-683ADA7B8B09A74E"",""SERVICE-102F28BC3CAAD259"",""SERVICE-2C2658C7B104D14A"",""SERVICE-8A96788387992146"",""SERVICE-18882DC9B4E478D6"",""SERVICE-7957E4AB55EAB6A9"",""SERVICE-162C86F97DAFD402"",""SERVICE-17B9A7915B8EAF02""]",Underwriting Systems,High,PRD
APP-1685,"[""SERVICE-8253C895AD432A3D""]",null,null,PRD
APP-2455,"[""SERVICE-6060DC7C84390FB0"",""SERVICE-FBBEAFB7EF5B1DCE"",""SERVICE-DDDBFA463993728D"",""SERVICE-EECD493B1E0C7E04""]",Claims & SAP,High,PRD
APP-2487,"[""SERVICE-FD1208979EB9BBD9"",""SERVICE-18A8C2182F5141C6"",""SERVICE-4CE5ADC3D1AC6E13"",""SERVICE-0D40892F41F9465B"",""SERVICE-006F62711E81600F"",""SERVICE-38B83FC7FAC36DA5"",""SERVICE-8B1EF3BD5F814DCD""]",Underwriting Systems,High,PRD
APP-2685,"[""SERVICE-E43DFFA1BB01C18A""]",Data Mgmt,High,PRD
APP-3982,"[""SERVICE-E1131CF4A2D94096"",""SERVICE-51F74E7FCFF2AC2F""]",null,null,PRD
APP-4120,"[""SERVICE-244F869986FC7DB0"",""SERVICE-38C339FA59000E54"",""SERVICE-678DDE1C5ED491E4"",""SERVICE-9EC7557576409B1D"",""SERVICE-6618AFF95D66355B""]",Canada,High,PRD
APP-4463,"[""SERVICE-7E6EAC351C1DF71C"",""SERVICE-01A779177E411352"",""SERVICE-7D9B9C0F52B009FC"",""SERVICE-1776659FEDEA4DBF""]",null,null,PRD
APP-4982,"[""SERVICE-61E46F01B75C9DD3"",""SERVICE-9E8C5BE365AB9232"",""SERVICE-F8C6EFE90AB7DA12"",""SERVICE-4C9FDBC63BC38E1A"",""SERVICE-23AD37CB51E580B2"",""SERVICE-348EFB9A3AD9F7BD"",""SERVICE-7D3C9ABBC31EC693"",""SERVICE-36930FAFC82B3596""]",Claims & SAP,High,PRD
APP-4989,"[""SERVICE-0AC6101E7705808C""]",Claims & SAP,High,PRD
APP-6189,"[""SERVICE-7B207E80B25A7E03"",""SERVICE-ABB21A5DCA5F60AA""]",null,null,PRD
APP-6409,"[""SERVICE-0BA45640F4634A53""]",Underwriting Systems,High,PRD
APP-6557,"[""SERVICE-DAA5E4031A28BE0B"",""SERVICE-CE6F86525846599A""]",Claims & SAP,High,PRD
APP-6597,"[""SERVICE-6D0421C6DCA602B9"",""SERVICE-6A2570A3C60B8C48"",""SERVICE-8AABBF72B53E5E29"",""SERVICE-0477364B7A896FFF""]",Underwriting Systems,High,PRD
APP-6879,"[""SERVICE-DD28AEA1CDE9E8E3"",""SERVICE-1E64F6116CDDE996""]",Data Mgmt,High,PRD
APP-7026,"[""SERVICE-9A15385005753662"",""SERVICE-6B1E87001B546AFC"",""SERVICE-EAE72642C70872AA"",""SERVICE-5533EFA4FB636024"",""SERVICE-45AE94BDCFC5A533""]",Crop,Low,PRD
APP-7169,"[""SERVICE-E1E504A8D43B99BF""]",Canada,High,PRD
APP-7483,"[""SERVICE-5F1D53446DF10404"",""SERVICE-CAA74518DA23E5B4""]",Crop,High,PRD
APP-7765,"[""SERVICE-251BF6DAA97554C6"",""SERVICE-F4DF69508F87EACA"",""SERVICE-4849A45575331845"",""SERVICE-635CE7130246763D""]",Adv Tech & Ent Sol,High,PRD
APP-7776,"[""SERVICE-AFF65DDF941D355C"",""SERVICE-F38C91329E18D535""]",Adv Tech & Ent Sol,High,PRD
APP-7826,"[""SERVICE-19DC6C00C3FEBFAB""]",null,null,PRD
APP-8697,"[""SERVICE-E20C9D4C06D8256F"",""SERVICE-DD689D7A11569D82"",""SERVICE-9F191A1C80D02B94"",""SERVICE-7380BB6582E93DA3"",""SERVICE-AFA2B1602D80059F"",""SERVICE-2E3F46007EC29698"",""SERVICE-FCE7CFBCF48CB656"",""SERVICE-64C42731EE2CBE0F"",""SERVICE-E89A2A1DF78D8A98"",""SERVICE-D20EDF7EB18CF50C"",""SERVICE-C3954F9F76B46F58"",""SERVICE-8CA368AB5E0E5655""]",Adv Tech & Ent Sol,Low,PRD
APP-8781,"[""SERVICE-EE94390D12A44A2E"",""SERVICE-478FF8622C82C72B"",""SERVICE-CDDC2D7C621955FD"",""SERVICE-3D00A69656F93E7A"",""SERVICE-368A545E93B40906"",""SERVICE-5A54A16297B0B244"",""SERVICE-56DE5453C57CD647""]",Underwriting Systems,High,PRD
APP-8941,"[""SERVICE-1FB73F8B6CB2B8E4"",""SERVICE-DC1EFB331A2A4621"",""SERVICE-8B681D28762CE10B"",""SERVICE-0E05C33C09EC0DFF""]",Underwriting Systems,Low,PRD
APP-9417,"[""SERVICE-3AFF691324CCE5C4"",""SERVICE-188E5A9D29B49675"",""SERVICE-297610BA66AE88A8"",""SERVICE-ACEDFAFB55FF0E67""]",Data Mgmt,High,PRD
APP-946,"[""SERVICE-80325E9C93887A42"",""SERVICE-31CC9F48B0B5E2F4""]",Underwriting Systems,High,PRD
APP-9605,"[""SERVICE-98F3147709A1D7C3"",""SERVICE-E019B432D139D3CA"",""SERVICE-58F25EF07F319CAF"",""SERVICE-08CB7DC547EE6523"",""SERVICE-BC13E1BA3B945C38"",""SERVICE-E3DA2BF598BD82D0"",""SERVICE-B5E6E7C4D7C806CC"",""SERVICE-87B3D7A517168261"",""SERVICE-3354C70333BD0260"",""SERVICE-E6C01F35251A5C8B"",""SERVICE-79F3BA14B91D9D87"",""SERVICE-23486CF544FD6933"",""SERVICE-3F818C57C1FD778B"",""SERVICE-CBFC836988CB4485"",""SERVICE-5D3FF769C88BD71B"",""SERVICE-6EF44EC14D5563C3"",""SERVICE-9932FD25C96962BC"",""SERVICE-5DBD8FC93AB2636C"",""SERVICE-3F7ADD168B19E375""]",Claims & SAP,Low,PRD
APP-9617,"[""SERVICE-38A8357DA8A39159"",""SERVICE-203293DF52E5BEC9"",""SERVICE-958A1EB74223AEA1"",""SERVICE-C95F0A84A78DBB36"",""SERVICE-7B244535355F94D6"",""SERVICE-98C440F28C0BBABD"",""SERVICE-1ED4AD112E9715A6"",""SERVICE-063BE28FE41EA9D2""]",Canada,Low,PRD
APP-9705,"[""SERVICE-02B83842F2273FE9"",""SERVICE-8020FD2D61EF5B8C""]",null,null,PRD
APP-9711,"[""SERVICE-921139C3B7CE2E2D"",""SERVICE-CF0DB2BD379EFEE7"",""SERVICE-754FCFC9233EEAA7"",""SERVICE-66B91F63A71F0675"",""SERVICE-EB24B675EC2363FF"",""SERVICE-87F74791EEB807BA"",""SERVICE-F7AE746E9747EFCB"",""SERVICE-83A848DCF0CEC384"",""SERVICE-E0764FB75C620557"",""SERVICE-10A6992DD381253F"",""SERVICE-E12F04452FB7324B"",""SERVICE-5163575C3DFF8249"",""SERVICE-59ED9CDEEDF632E4"",""SERVICE-F5411ED494229A3D"",""SERVICE-8072E783F5EB504F"",""SERVICE-871C713D08521C37"",""SERVICE-21C3F674C37B5121"",""SERVICE-25F8C115B59D7D86"",""SERVICE-E9427CB1A5AC1652"",""SERVICE-91D22BAA5558E079"",""SERVICE-8E006BBAC92E04FE"",""SERVICE-9764A0E0DAE5A452"",""SERVICE-F4B110441E40771A""]",Underwriting Systems,High,PRD
COM-2358,"[""SERVICE-DB25E691402A28D8"",""SERVICE-2A820B4261A917EA"",""SERVICE-B99DF41CEAD35C7B"",""SERVICE-5ABABBDA00B89D21"",""SERVICE-4001A233587D7DFC"",""SERVICE-6F19F92086252898"",""SERVICE-753AAFF9AE9C595F"",""SERVICE-D2F18465A6DADA3B""]",Adv Tech & Ent Sol,High,PRD
COM-2432,"[""SERVICE-C9A556F9CEB76503"",""SERVICE-2C55B85964649B7E"",""SERVICE-0F21C9CB00BA9BDC"",""SERVICE-2038F710D799838D""]",null,null,PRD
COM-3651,"[""SERVICE-7087C3C8A3CC488B""]",IT Infrastructure & Operations,Low,PRD
COM-4716,"[""SERVICE-424A7636A6D04ED0"",""SERVICE-6A8E6DBFAFB8DE20"",""SERVICE-941DA13F1E71B6DF"",""SERVICE-3ECBD4B092B7617C"",""SERVICE-F4576183486943FD"",""SERVICE-1B9A03F5A1419696"",""SERVICE-9BBC1723A667C2CB""]",null,null,PRD
COM-4812,"[""SERVICE-950B7425D56F150C"",""SERVICE-6D59DC123EA722A5""]",IT Infrastructure & Operations,High,PRD
COM-4995,"[""SERVICE-20B5297858AE907E""]",null,null,PRD
COM-5372,"[""SERVICE-1680AA036DFD3BA0""]",Adv Tech & Ent Sol,Low,PRD
COM-5901,"[""SERVICE-DF37806445712BEC"",""SERVICE-008E327209F0B2EC"",""SERVICE-7E65AA40182035AF"",""SERVICE-01C41573D1021BE6"",""SERVICE-1DF0E381B28716FB"",""SERVICE-287A6DEF6953A1B4""]",Crop,Low,PRD
COM-6105,"[""SERVICE-ACF8C5C25E6E86A8"",""SERVICE-0E890EFFA3D71324"",""SERVICE-7F68B196A456943D"",""SERVICE-A465A279DE00FFCE"",""SERVICE-76E46FB0D9851F52"",""SERVICE-BC5D9E0F19E217D3"",""SERVICE-47642212BB72B55E"",""SERVICE-0FFDEB873B72EBB1"",""SERVICE-7F0F4935616FD105"",""SERVICE-AB79F48451192750"",""SERVICE-23D9BE9AB44CE175"",""SERVICE-E0838147B9BE975B"",""SERVICE-8F8EA74F229AC1E1""]",Adv Tech & Ent Sol,Low,PRD
COM-6359,"[""SERVICE-A50770849C7C57FD"",""SERVICE-BB0A9CE773B21585""]",null,null,PRD
COM-6934,"[""SERVICE-8F0D38B0C9E772E9""]",Claims & SAP,Low,PRD
COM-7765,"[""SERVICE-07BED8C83F6FD474"",""SERVICE-82B74E054248F9AE"",""SERVICE-5CDB7EF8285CD8E5"",""SERVICE-49A6F1FC1FD5813E"",""SERVICE-6B11E671DEB96B65"",""SERVICE-561D9E81F7E85651"",""SERVICE-85C3707959D7CA85""]",Canada,High,PRD
COM-8150,"[""SERVICE-CB8F9C6BC79DBEDD"",""SERVICE-75136E191779F4B4"",""SERVICE-865E332502B98FE4"",""SERVICE-37B190C3E39F4815"",""SERVICE-8914BB7D3A43C8B0"",""SERVICE-F81563344F34415A""]",Crop,Low,PRD
null,"[""SERVICE-19F042034B8F87B5"",""SERVICE-94E93AE5C86BF505"",""SERVICE-3F0525251DCE933F"",""SERVICE-9160100D795AAB63"",""SERVICE-63B667AB04F71D17"",""SERVICE-6627112A3916A37D"",""SERVICE-3D25E57CF73718E2"",""SERVICE-495F629C04F9A3DA"",""SERVICE-C7935F47616B46AB"",""SERVICE-31B24DF3F297DB30"",""SERVICE-8E521A283A961DC4"",""SERVICE-70761517F1BDC01F"",""SERVICE-B47C3A0FBAE5983A"",""SERVICE-C7EE852FCE6F386E"",""SERVICE-B3B822636276469D"",""SERVICE-0117DE6B8BD8A391"",""SERVICE-2EFEE7ABD5C14954"",""SERVICE-4838686921BFD40B"",""SERVICE-160DACA76FC74017"",""SERVICE-136905A5D1DE50F5"",""SERVICE-1B8AC478D66C04E7"",""SERVICE-D26B0B5E26D04C0C"",""SERVICE-8EAA2BF50315ABA4"",""SERVICE-FA69982A91B2A648"",""SERVICE-40AC98ED32989ED4"",""SERVICE-0A47FB8FAB3C0F76"",""SERVICE-830B00D34E1DC1D9"",""SERVICE-7804257EDDF2FD0F"",""SERVICE-39CC4B97EB6FEE1E"",""SERVICE-B96CB8785B456E73"",""SERVICE-5C6787042B256DF2"",""SERVICE-667F31B99D8ADFF2"",""SERVICE-6107126A122F9570"",""SERVICE-8FFFA2F5931E2D94"",""SERVICE-554FFD203757CB47"",""SERVICE-75271B1EA8C08B2B"",""SERVICE-1730DC05427EBB8E"",""SERVICE-1F9670CA50A1F14E"",""SERVICE-EE196C46BB082B2E"",""SERVICE-79A99A31A1DF569E"",""SERVICE-5ACB3E4C2F7BB9BC"",""SERVICE-1372F31E8A471869"",""SERVICE-0A5880319831E68C"",""SERVICE-5AD0D38BD1D12EE3"",""SERVICE-A2311E9EB02C3819"",""SERVICE-E32CB830924EDBA1"",""SERVICE-5994484BE09BE3CA"",""SERVICE-D6440EE8DB641146"",""SERVICE-2E33A6E3C92B3F7A"",""SERVICE-C91BADAF3DAA44EE"",""SERVICE-08991AB25A625C4B"",""SERVICE-4A61A060E3A5BBB8"",""SERVICE-2F9BDFBEEB552772"",""SERVICE-287974EC11BD7F3F"",""SERVICE-3542460BA6DE201C"",""SERVICE-5D93B189B7112E93"",""SERVICE-A3D3F70C6ACB6C99"",""SERVICE-5DC7A32CCFA705A9"",""SERVICE-63D026814D04A450"",""SERVICE-BF467E7C7BA40774"",""SERVICE-78303620F0AFEB1D"",""SERVICE-A1C2382A214A0D05"",""SERVICE-0FE5E4EC02F1BB47"",""SERVICE-0E4818B748E52397"",""SERVICE-AB983E20E747FEBE"",""SERVICE-B88E0E3D1386D3F3"",""SERVICE-3276A0F378A3FE49"",""SERVICE-2DA4BF938087804B"",""SERVICE-92562B7CA4344064"",""SERVICE-466AF8327FCAD355"",""SERVICE-2FAB4D2E61678F7D"",""SERVICE-ED96D5881E7330F6"",""SERVICE-2461ECC7AE9F12AE"",""SERVICE-9069BBE1A6F29157"",""SERVICE-6227640722AB30BD"",""SERVICE-F8F32CD70A636F0C"",""SERVICE-BA57E72640E22CDA"",""SERVICE-5459EFECB8618E9D"",""SERVICE-0D3CBBD34359646C"",""SERVICE-CE6552710A5A8B02"",""SERVICE-D67696E813FA0C10"",""SERVICE-5531952610CB0E01"",""SERVICE-7382974CFEC455E5"",""SERVICE-34EFAAE8019AA065"",""SERVICE-3F9851A7FEB0E7C7"",""SERVICE-0BC71C8B719717D0"",""SERVICE-3034CCEA622E6F48"",""SERVICE-392F8BA5FC62F1F7"",""SERVICE-9B18080713E77607"",""SERVICE-CC6AA03CA4E0BE18"",""SERVICE-AFFC28E092913A62"",""SERVICE-0D568F11A2F1EE2B"",""SERVICE-DC909687D44D2B4A"",""SERVICE-30D5605767AF883E"",""SERVICE-6B0AD25ADFF55BB9"",""SERVICE-8E103276CAFC2BBF"",""SERVICE-0F31290ADC98EC2B"",""SERVICE-A84F035E283F9611"",""SERVICE-FEECCD5F3B2F765E"",""SERVICE-653E59F1B2EFB107"",""SERVICE-9ECDCDADB4BC7197"",""SERVICE-63A17E84D174FD19"",""SERVICE-8F7FBB3DE9294327"",""SERVICE-FE79D5F4C7F6BB86"",""SERVICE-FCD456AD066EDDCD"",""SERVICE-F06F7EDAA3D6DA8F"",""SERVICE-69BE15ACA2D1A8B1"",""SERVICE-C0293B6BCD4AD986"",""SERVICE-47486425950427EE"",""SERVICE-8AE87CD797D32FEA"",""SERVICE-0CD70356BE6240F8"",""SERVICE-63E8FE77F97555E5"",""SERVICE-BBB0248D11AED8C5"",""SERVICE-75667C4F0B460C42"",""SERVICE-91D8DDA18B82F65E"",""SERVICE-AC6730047A74784C"",""SERVICE-905FA351422F209D"",""SERVICE-930DC1321E3F2221"",""SERVICE-DB3D695E8A3BEE18"",""SERVICE-F9099F48A955FAA3"",""SERVICE-E65BF2B529366D18"",""SERVICE-52970BE6E86DC6D8"",""SERVICE-702412613B3CA930"",""SERVICE-7BEEE955D3EC1735"",""SERVICE-B166233DD9E6BDE0"",""SERVICE-ABD6B337148A9CB8"",""SERVICE-78C6DF6096F0FF12"",""SERVICE-846E1A3C02776273"",""SERVICE-76C53844DC5644BE"",""SERVICE-B4897EEE52BF46A0"",""SERVICE-8E37E6DBBB1DEFB3"",""SERVICE-2C78FB47508BA85F"",""SERVICE-D727D818475BDE9B"",""SERVICE-9EFF8C0388FF2493"",""SERVICE-6A0BE0F5D7B3B2CC"",""SERVICE-C2356D37D2FF0BF8"",""SERVICE-928A9336F907EF2B"",""SERVICE-FFEAD9E32E185C15"",""SERVICE-584A3701556F1688"",""SERVICE-A1CDBD5FCF7E7C40"",""SERVICE-282FF3104A8E2601"",""SERVICE-1B007C54915760D2"",""SERVICE-C884B352AEE18B0A"",""SERVICE-477829F3B132C174"",""SERVICE-46E667F031C1E06B"",""SERVICE-D8E25DF172CC8150"",""SERVICE-B91DEF39BF3217A8"",""SERVICE-21BFCC0BFFCCFD37"",""SERVICE-F0B52AF4E15DEF42"",""SERVICE-5E29E4E61435F83D"",""SERVICE-59C6D5D2183C4066"",""SERVICE-3E0BA0E721E48F59"",""SERVICE-4BB843F2AB92150B"",""SERVICE-165ED0D71939B092"",""SERVICE-0637B8E3BDB17388"",""SERVICE-6F83075CC190265E"",""SERVICE-BE3A71BF2EF7170F"",""SERVICE-2A18A08ACD78D890"",""SERVICE-B69CECB9AD3167DE"",""SERVICE-A35F64BFB55E0C41"",""SERVICE-AF5241EE6B031AC0"",""SERVICE-232BFC8A379016DF"",""SERVICE-CAED189FDDCBBF77"",""SERVICE-3DB3129EC069432E"",""SERVICE-42F4CF834553D833"",""SERVICE-57D5E2E84F5E6C7C"",""SERVICE-2CD5B002F8E8DB3C"",""SERVICE-3F8EE36476B1DD57"",""SERVICE-8444C7AE612C1E53"",""SERVICE-86B359E202F56309"",""SERVICE-40BE6B65E2333FD4"",""SERVICE-FD23E44D3D421296"",""SERVICE-85DF753DED610BB7"",""SERVICE-26CCC80BABC91447"",""SERVICE-7BF4D9698C46BE6F"",""SERVICE-86905328588CBE66"",""SERVICE-68A6DB4F4CF868F4"",""SERVICE-C05E1BC71957ABB7"",""SERVICE-B3DFFF25DC278005"",""SERVICE-A27006AB52294101"",""SERVICE-6E66E4F44332B840"",""SERVICE-6D8B7C6ABC4254B8"",""SERVICE-9228BB112C1EB6AD"",""SERVICE-804AC5599BB9965D"",""SERVICE-B173655A9F057837"",""SERVICE-5BAED44C70DEF622"",""SERVICE-B5749725E6489D96"",""SERVICE-6AE3FFB33194EDC7"",""SERVICE-B2E60C26F96ECF14"",""SERVICE-8472EAD199178689"",""SERVICE-A7E51485BCB00606"",""SERVICE-1833254A48B00D70"",""SERVICE-19A8EB4F4E4CEDAA"",""SERVICE-30E124BDFD157865"",""SERVICE-94C34D9008FF666C"",""SERVICE-9A7859D44F0B7CFF"",""SERVICE-1D8D4C5C17988D8B"",""SERVICE-814A72A70777E74C"",""SERVICE-5A611BFDD54D4530"",""SERVICE-7FEB3B1E12058791"",""SERVICE-8ABAC2EA7325D29F"",""SERVICE-E7BE52F916A1BA08"",""SERVICE-B86324DFCEB4616E"",""SERVICE-A95440F23D98C3A6"",""SERVICE-FE8E6FDA8729DF6D"",""SERVICE-7A7672180468BC06"",""SERVICE-A2161CE94A9C4358"",""SERVICE-B5947F74EE87EC37"",""SERVICE-D2F1851475193377"",""SERVICE-B3FA137C988571B2"",""SERVICE-0133FC1760C64443"",""SERVICE-4DADEA05BB0F8CE8"",""SERVICE-6A4518F4D9EC7103"",""SERVICE-5C9AF46F57F3D5DF"",""SERVICE-FAC2422DA035F16C"",""SERVICE-A7C2081D6B6714E7"",""SERVICE-6F85C1082A89D257"",""SERVICE-B11BDCDD13ABA62E"",""SERVICE-136CED9798D8CC48"",""SERVICE-FC33DCE4C1D4B0F2"",""SERVICE-DF6E3AD2525DE184"",""SERVICE-BD0F7D73B65F7CCB"",""SERVICE-B383575512B0C094"",""SERVICE-0D456055993B642E"",""SERVICE-98B0FA4786D73436"",""SERVICE-C6F62D5AD0512A65"",""SERVICE-7D0A36E4B0BFEACD"",""SERVICE-37CBBD2E66079AF0"",""SERVICE-3347B390FC990E5A"",""SERVICE-F12C7EBA2C2B9579"",""SERVICE-800628C255B8AB47"",""SERVICE-373126709F9EC602"",""SERVICE-AFC6E4544EC15383"",""SERVICE-FBA5394DEE071A3B"",""SERVICE-8AA8335F6E4927E6"",""SERVICE-4425D65E481BCAAD"",""SERVICE-CEB059B4458E3840"",""SERVICE-B9439D6F52557CA6"",""SERVICE-EBB270B3C0AFD167"",""SERVICE-07AC2A94A82377CF"",""SERVICE-390AD42780626434"",""SERVICE-6138E29335A026EA"",""SERVICE-75DF11B59242A435"",""SERVICE-C0696A1DA2AA30A0"",""SERVICE-7C4BF71C921F4829"",""SERVICE-063C66A875064F62"",""SERVICE-40A91E444B153F8C"",""SERVICE-BEBC457879F6F0AF"",""SERVICE-755AABBFA9D4272E"",""SERVICE-B4A48F972734A632"",""SERVICE-BE4A05130E62CC5B"",""SERVICE-DEC3CFD2114A7249"",""SERVICE-6136A4E5C34E9E38"",""SERVICE-0918F86EC8EB8F38"",""SERVICE-0FC2055CAB70135F"",""SERVICE-FB6F03016B8F8934"",""SERVICE-FFDE81A9A7677057"",""SERVICE-75DFD8553B3D641D"",""SERVICE-4E28730404B73307"",""SERVICE-7A198F77840D04F1"",""SERVICE-EEB551B65336FEB6"",""SERVICE-696FEDF8267BB167"",""SERVICE-A53E4BEDF96926B7"",""SERVICE-33F79A560491FE23"",""SERVICE-A839F014D09D0227"",""SERVICE-CAEDDB386EEF8EA4"",""SERVICE-79343393AFD3306E"",""SERVICE-A8E4D1F98E7E65F4"",""SERVICE-8E08E0FC0C3B5763"",""SERVICE-4BBA8A39D5080627"",""SERVICE-84F998D95C8E29BA"",""SERVICE-9F10E72C5E359DB0"",""SERVICE-8F90A295B3898F3B"",""SERVICE-6F26ADA778F30956"",""SERVICE-97954BBD2FFA7AE7"",""SERVICE-EA1DB9385AF43097"",""SERVICE-9B4465F41B42DC2B"",""SERVICE-851D8EEA521F6A36"",""SERVICE-751D9E8C12F2EA33"",""SERVICE-AB16893B687D5005"",""SERVICE-D58A1B2C7FC03B01"",""SERVICE-36495DA89F63FF49"",""SERVICE-2505A7C239BC2A8E"",""SERVICE-27511351AEF811E2"",""SERVICE-0E5D3C6E6E70C65C"",""SERVICE-F072EFD040E1A672"",""SERVICE-DC34494279EE9F1D"",""SERVICE-7656BF475BD901E4"",""SERVICE-850BEB6C35074148"",""SERVICE-A7543FAB967374E9"",""SERVICE-134AB27BF8C332CF"",""SERVICE-ABE9F7381656999D"",""SERVICE-9E53085444F827CC"",""SERVICE-E9AD35142EDAE1C8"",""SERVICE-92A97842F4AEEC68"",""SERVICE-6C57E8A33212235C"",""SERVICE-BD904D262793DD62"",""SERVICE-CEA5FE36C055C30B"",""SERVICE-415098EB637AA09E"",""SERVICE-DC32A29E70EB7D88"",""SERVICE-E630DE18F12B3D53"",""SERVICE-592FCD07E085BCFE"",""SERVICE-D89D979004C01900"",""SERVICE-856EB348FF2BE3EF"",""SERVICE-72EC1C6F34B188E3"",""SERVICE-090312F61CD874FB"",""SERVICE-654D7CCBBD566E4F"",""SERVICE-8070B5E9394284B3"",""SERVICE-29DA435710A192F2"",""SERVICE-FF9579EA804295A8"",""SERVICE-9EE10CE9F6894E4B"",""SERVICE-7DF181F62FE84986"",""SERVICE-F6D4A035EE2F7337"",""SERVICE-1C4662E3F4A80017"",""SERVICE-21406AC1445C1F62"",""SERVICE-21CE1D32F5D6FBA9"",""SERVICE-86D02752D7B36E23"",""SERVICE-9F43D8E35A79ED54"",""SERVICE-77934A4A447B0DB6"",""SERVICE-EF9B401ADF46EAD1"",""SERVICE-A50F16B100E7637F"",""SERVICE-E0D47BDEA84478F4"",""SERVICE-7C44D30A808A7C0B"",""SERVICE-2ADA91C1F360C3CD"",""SERVICE-E10F8F8ED5F5093F"",""SERVICE-043C06AAB88CA8C4"",""SERVICE-04F37420B2F490C1"",""SERVICE-8EDF71A09157BAD2"",""SERVICE-23C9FB41A9695B11"",""SERVICE-3A612060A112D044"",""SERVICE-BF13DC9A7ECB4520"",""SERVICE-CB93DE7BDDFABB70"",""SERVICE-AB6608CF8CB3FB7F"",""SERVICE-4D4E8862D4E4190A"",""SERVICE-F9412069E9D78A1B"",""SERVICE-1448B7065E497617"",""SERVICE-0A405B11711934C4"",""SERVICE-8C0EFE53CB1C0A5C"",""SERVICE-7D45ADCBEB2E6930"",""SERVICE-70C609A62B79E634"",""SERVICE-4F1DD7EF9FB29D70"",""SERVICE-00F1D3F23AC442E0"",""SERVICE-A84DBA9D457FE488"",""SERVICE-721A8BF0D96D9D4C"",""SERVICE-D564EDA53E5C5BD1"",""SERVICE-FF7C587191660123"",""SERVICE-3E928BE028C75A69"",""SERVICE-B35D80F69F311763"",""SERVICE-C1BE0357F0E3EF93"",""SERVICE-7E7130E2D4F1E517"",""SERVICE-5ECF66627379FE86"",""SERVICE-98E317F4EC85B86F"",""SERVICE-C2BD1B45CE7EEC88"",""SERVICE-FDF11C1E7D942770"",""SERVICE-88F964579D1D54BE"",""SERVICE-2C5020852D30DCF4"",""SERVICE-F9DFABA1D29D7DF3"",""SERVICE-C9A2F689C5ECC1ED"",""SERVICE-E4E3F448FA3FFD82"",""SERVICE-78DF61754E3E70BC"",""SERVICE-81DEAC14274BEE5C"",""SERVICE-EDF7E16B9524A569"",""SERVICE-1456CFE93C8D1C11"",""SERVICE-BD9E9C7241EEBB3F"",""SERVICE-11A4759D0D2E7DD8"",""SERVICE-5AF3B412029D974F"",""SERVICE-1B93A7356B1F8B75"",""SERVICE-2094451812D64890"",""SERVICE-FC6F9E122D253301"",""SERVICE-181951A5180B6A7A"",""SERVICE-D7BEF84B9988624E"",""SERVICE-08D190CCA307C66A"",""SERVICE-31535CC0B76AFD24"",""SERVICE-3C453CDD6E7DB107"",""SERVICE-A7A558ED37C7B4F6"",""SERVICE-ABAF71C503752274"",""SERVICE-B0F09F3807D62DDF"",""SERVICE-B558081F578B55A8"",""SERVICE-0E4BAB6248370963"",""SERVICE-ADD5890F1CE6042A"",""SERVICE-C7562127511EF324"",""SERVICE-A68591835735FA7E"",""SERVICE-158403E1824571F2"",""SERVICE-29163B1683C8EC00"",""SERVICE-76A3FFCF3F416B87"",""SERVICE-088FEC5A5DF723FF"",""SERVICE-991DE1FC2C498E40"",""SERVICE-B5F0FAC7AA721336"",""SERVICE-21C14417C4190428"",""SERVICE-630CE1E56BCF14D9"",""SERVICE-D77793305B9FAA2B"",""SERVICE-7CE204E8F205BE13"",""SERVICE-712CA57DB8FAF6B4"",""SERVICE-71B13E15A6A5CF86"",""SERVICE-692F67FD7FE05524"",""SERVICE-5F45B3AF848C9645"",""SERVICE-C5EBAC0C37E0E2C4"",""SERVICE-992B205BEC176FCF"",""SERVICE-CDEEB5735673735D"",""SERVICE-78F45C38E2F91A85"",""SERVICE-ADDC6B31BD3E47D4"",""SERVICE-2FC7EB57A508DDC7"",""SERVICE-FE5B013367A6C286"",""SERVICE-4EBF7B7A172D3835"",""SERVICE-AEEC907A55D8F591"",""SERVICE-432B853B44410705"",""SERVICE-C046B851359D5795"",""SERVICE-AD2A92B9E625474E"",""SERVICE-A234950B8B37E6F2"",""SERVICE-7312D87D905AA63A"",""SERVICE-E19404476E2A1D15"",""SERVICE-539E9BC9C641B463"",""SERVICE-6D0DF15A6126A86E"",""SERVICE-04B3110EDC1075A0"",""SERVICE-65D5C61C3709884F"",""SERVICE-3C1D9CB654E688DC"",""SERVICE-1D85486582CF81B8"",""SERVICE-B9B08E77B7FCD489"",""SERVICE-9EA62D0EAD8EC17B"",""SERVICE-4D10C76412FCAE49"",""SERVICE-6C5D557A81A14E41"",""SERVICE-BE3BC76472EB9D43"",""SERVICE-2AC677E55C7ED817"",""SERVICE-4594B614CC640123"",""SERVICE-9B89A79CC393C218"",""SERVICE-4F00D170D543D2D9"",""SERVICE-791E31B79183A448"",""SERVICE-DBABD265DF105385"",""SERVICE-6D15BEA7E5658B0F"",""SERVICE-8C266F95239A1742"",""SERVICE-B0217D9360F4B3A3"",""SERVICE-A0C8AC0C01F57241"",""SERVICE-50FB1E02299998AA"",""SERVICE-B619D122037B834F"",""SERVICE-5DDB26903D191B5E"",""SERVICE-B05DD67E6B5272F3"",""SERVICE-A4D14550B8854C1E"",""SERVICE-BA5762C2F14DD653"",""SERVICE-EB07C7F622187178"",""SERVICE-C4B43441059EAACF"",""SERVICE-3316FA0EE43F4AA9"",""SERVICE-AAFA2DD0DAE58060"",""SERVICE-43B4CDEA8A475B38"",""SERVICE-1627EB2BB43E3084"",""SERVICE-F6F7940BBF0F62B0"",""SERVICE-0F40E115F9BE8EA2"",""SERVICE-50029A1124524801"",""SERVICE-676269913FBA2C1E"",""SERVICE-E2FB7A102E5D0391"",""SERVICE-B97673939B63886D"",""SERVICE-4CA3D46F67E58144"",""SERVICE-3D32250C63B68279"",""SERVICE-335D2D5C9476AD97"",""SERVICE-612037327E223E33"",""SERVICE-0D61882994F88E42"",""SERVICE-6EAC6D27A9AA6C2D"",""SERVICE-D2F784345AF3D222"",""SERVICE-284C54EABB8C38B0"",""SERVICE-38E1A03408818E36"",""SERVICE-F3001273976EB38F"",""SERVICE-5C5CC019445E062D"",""SERVICE-5105A3E49509C1A3"",""SERVICE-B387C6216BE443FE"",""SERVICE-B3B917FF3205C96F"",""SERVICE-4B4D9299172E3B7C"",""SERVICE-16DED1D6FF36C7E7"",""SERVICE-49F782618E87FDA3"",""SERVICE-FD2F2C59DFA8F0B8"",""SERVICE-29F1B2D54FEA1251"",""SERVICE-007133FAA9B625D5"",""SERVICE-8F6AA6E13C33CD22"",""SERVICE-9FC3DB73FD6F47A1"",""SERVICE-8CD4BF2CECD18140"",""SERVICE-26D85C1D1AAD36B5"",""SERVICE-F1754A12D16E946D"",""SERVICE-6AF68B57FC439B9D"",""SERVICE-D3466F93D44AF012"",""SERVICE-DD37B94E66323ACB"",""SERVICE-5435ADBA66BBC0AF"",""SERVICE-1FCE4612E62B63E0"",""SERVICE-F48FA0F2B8889A61"",""SERVICE-EE5E23295F586E89"",""SERVICE-F6BC4A83681B83BC"",""SERVICE-4E2169A13F2CC415"",""SERVICE-78500B9295B53259"",""SERVICE-B60460F7E79E0EB1"",""SERVICE-E7090F5C60818F72"",""SERVICE-E196ACCCCDBC3641"",""SERVICE-AB894DB65FA9BF12"",""SERVICE-DD41112FBF376D79"",""SERVICE-8F36A90265BB7C3B"",""SERVICE-453EDE3E57E732A1"",""SERVICE-CE9FA16C513E8616"",""SERVICE-80B5E346C55442FA"",""SERVICE-D07AE6FD16804653"",""SERVICE-39E93F4512C2AC97"",""SERVICE-BEB540DCE5FB84E9"",""SERVICE-214C169D9F5FFE62"",""SERVICE-0E8AECB32261B612"",""SERVICE-01797E4499775946"",""SERVICE-A8D14429276A9398"",""SERVICE-54C230A31A950875"",""SERVICE-D1CA019D647CD02F"",""SERVICE-287B1ED9CD307F28"",""SERVICE-5582D755E0CDA6A0"",""SERVICE-9E5B44F9126A9FF0"",""SERVICE-591DDC6A91B5EACE"",""SERVICE-79160B263C16976A"",""SERVICE-DDE7B11BECDA016B"",""SERVICE-1DAFE6490D248990"",""SERVICE-14A9A66A261CB79B"",""SERVICE-9E2C70BE57632825"",""SERVICE-E26343817D6785E3"",""SERVICE-2381D8E26A4B21D0"",""SERVICE-9F850ADA8D8A9BAE"",""SERVICE-75929D94084BB8AE"",""SERVICE-4769A40A079BC42C"",""SERVICE-375E1D764C0C37DC"",""SERVICE-63C15418896E8DFD"",""SERVICE-D8F86D72AD9561EF"",""SERVICE-16294C984B6F6859"",""SERVICE-250AD1896213CF2D"",""SERVICE-F905EBC39EED1537"",""SERVICE-DFA4794BB5640087"",""SERVICE-4F96462AF1BB6383"",""SERVICE-F9ABA600852D8211"",""SERVICE-C412335EBED75A8D"",""SERVICE-08F4C665F2736C7A"",""SERVICE-1EBFC5F6AE23B5FD"",""SERVICE-7420252C9F379FBD"",""SERVICE-28F31FE3C1806783"",""SERVICE-B4A9EB4017FDA939"",""SERVICE-72E207575AE4509E"",""SERVICE-E15128BBFDC7EBF4"",""SERVICE-197839EBE52E1DE6"",""SERVICE-ED83A270ED583DFE"",""SERVICE-A5802DB4134BA004"",""SERVICE-33A31EC8C5D5B0EC"",""SERVICE-728812E5865BB923"",""SERVICE-4424A4CBF04EE8ED"",""SERVICE-104D8AC2F94BB3C0"",""SERVICE-DED5225C9E853DBE"",""SERVICE-EA47ABDB71E44169"",""SERVICE-1447A649D5FBC689"",""SERVICE-3CF14491FF50A62F"",""SERVICE-FA9666F2C2E7211C"",""SERVICE-6B161C5E46E5C82D"",""SERVICE-A438F44F6B9662D8"",""SERVICE-2DBA5299230B2710"",""SERVICE-5129AE741C349B5D"",""SERVICE-4049710ED8E0B9FC"",""SERVICE-DEEA1C8C55FCE5EC"",""SERVICE-38E543F4B82362FE"",""SERVICE-6F8AD8F74B11442D"",""SERVICE-3ED47A14BCEA987D"",""SERVICE-7DD34A2AD20D9C16"",""SERVICE-B798D612B5145511"",""SERVICE-0DA6632C7DA07356"",""SERVICE-99FFCA91C01902B7"",""SERVICE-335CA3FF4EA787FD"",""SERVICE-DC7E34E5ACFFE5FE"",""SERVICE-E80FF3A79EC8FD7E"",""SERVICE-5C65648B56DB1FAE"",""SERVICE-D0150953D26AAB35"",""SERVICE-20478E619E92C898"",""SERVICE-84A2D7E73E3EFCA5"",""SERVICE-C2499C7C03FBDC5F"",""SERVICE-8396B6239B833EE4"",""SERVICE-163A33B930ED4D4E"",""SERVICE-300FE45C90936577"",""SERVICE-8D78F0B0DACCDDC9"",""SERVICE-28102747E2237C43"",""SERVICE-27AA7F5C64FA1D7F"",""SERVICE-C32F5ECEEA7A06EC"",""SERVICE-C3B23F409AD6B773"",""SERVICE-FA308D8D443A6B68"",""SERVICE-215EE7AB5D946331"",""SERVICE-4555CD778E9394D3"",""SERVICE-F5B0BF4838B56CAB"",""SERVICE-9113F8846DD23C30"",""SERVICE-F8AF657A1F125835"",""SERVICE-151BBF858458D049"",""SERVICE-19BA05BB7164DDD8"",""SERVICE-AF8E94D185D3CE33"",""SERVICE-3C00F3F5FF435238"",""SERVICE-715E6F08491527EA"",""SERVICE-03028A082B7B12FE"",""SERVICE-8EBA624D96CB4AA9"",""SERVICE-53DB9AA36B1E72D9"",""SERVICE-67130AC45E0482F0"",""SERVICE-055297D3B3F27C2A"",""SERVICE-94766992868ED9B0"",""SERVICE-79030D1917811EF3"",""SERVICE-5FA3A8F2650A8F25"",""SERVICE-F1F008BD28F662C1"",""SERVICE-4FC36EA8E9A695C2"",""SERVICE-69EA52A00E16EE5E"",""SERVICE-78E4CAE656F4596D"",""SERVICE-6A4192D3A7908401"",""SERVICE-908CA89579683247"",""SERVICE-CA3028EE0834B729"",""SERVICE-34D0CD7DD02270C4"",""SERVICE-2F41B44B7030B109"",""SERVICE-3BDC93B3967DC5C5"",""SERVICE-7D003BE427877CB0"",""SERVICE-DCC167BE80150228"",""SERVICE-2FC28A06A42B12BD"",""SERVICE-75D5BED4697EFB87"",""SERVICE-A708820AF8DF06B4"",""SERVICE-6898406A1DD10F5D"",""SERVICE-1717A8EEC0362438"",""SERVICE-6FA9107EA8882CA9"",""SERVICE-E11416C2D745BAEE"",""SERVICE-B1D159F7E9C5B01D"",""SERVICE-70C746898DDA81A9"",""SERVICE-1FDA71CDBF0950AB"",""SERVICE-827649115740A653"",""SERVICE-19AD31CFE6D7B53D"",""SERVICE-527169DFB275EBF5"",""SERVICE-8EB1F3ED04B74BDE"",""SERVICE-A841B2ECEACECD45"",""SERVICE-4905E90784525FF1"",""SERVICE-3517A658489BC0E3"",""SERVICE-67F25E225741ACDB"",""SERVICE-BFFCAE273A9D13E4"",""SERVICE-E4E15C6B6A1F6942"",""SERVICE-9AC96DC47215F681"",""SERVICE-F1ECA42A0C7EA229"",""SERVICE-09600D40C7C27991"",""SERVICE-A01980630A997897"",""SERVICE-987522384FE26E3C"",""SERVICE-1A8C40A78F72EEBD"",""SERVICE-395C68C5FE9D74FC"",""SERVICE-A8232FF04D0452A9"",""SERVICE-48DE4F612C1ED025"",""SERVICE-706F47CA8F55049A"",""SERVICE-4DB843D1ADE5E1B7"",""SERVICE-D7D6060DC1DAAA95"",""SERVICE-DBE358E8EDAD94BC"",""SERVICE-0330647EBD834149"",""SERVICE-717868613E125B34"",""SERVICE-D56524A3A72694D1"",""SERVICE-CBF0AE9CEE6A90B5"",""SERVICE-4F462ACC6F3EA880"",""SERVICE-EBD432427662B454"",""SERVICE-2F90FE4B69ABA2C4"",""SERVICE-73E0D499EB8BDEC6"",""SERVICE-00F0EDFE6E7BF9AF"",""SERVICE-333A9E755D578B5B"",""SERVICE-154898AABA85AB25"",""SERVICE-FA33B6A6BC686BB8"",""SERVICE-91D53C19D3A69D28"",""SERVICE-5306679093E32501"",""SERVICE-8DD24E353DBB1D16"",""SERVICE-AE7319E6D5583E01"",""SERVICE-F8FCE81F27F38BE6"",""SERVICE-CB1B2DAF34E12E29"",""SERVICE-E930C6927854D76F"",""SERVICE-1BEDCC13ECD6E021"",""SERVICE-363DD30D948A13A0"",""SERVICE-C3304C9601CB2CFD"",""SERVICE-874026C16EC23F66"",""SERVICE-FC54D736F71CE0C3"",""SERVICE-1EEF19F5D53C8E7D"",""SERVICE-79BC601E321B178C"",""SERVICE-EF89684D4526D0E8"",""SERVICE-2315AE5771165F11"",""SERVICE-588ED1C210AC7AAD"",""SERVICE-B58D5627181D86C7"",""SERVICE-905C2174D137E5DF"",""SERVICE-B9EB15148B1A2350"",""SERVICE-FD63C0CDC24462BB"",""SERVICE-08CA74F5ADC65CB9"",""SERVICE-0C3B3CE01D648878"",""SERVICE-0C593545AA3D9CFB"",""SERVICE-CF6F733700F701E5"",""SERVICE-1E8AE0C21C60E680"",""SERVICE-D8D0C06ACD31392E"",""SERVICE-9ADF455982D33E39"",""SERVICE-33B3D0AB83EC233B"",""SERVICE-6CEAB7B2AEEEF2C3"",""SERVICE-B3094A8EAF9B5567"",""SERVICE-954461FEE0C29907"",""SERVICE-90DE3B963D72AB4C"",""SERVICE-9B2059C497EBF613"",""SERVICE-45CFDFBCAFE1520D"",""SERVICE-1BCEE230E6C2E2A4"",""SERVICE-C2E284BCF34AD1FB"",""SERVICE-DCF84467A962DD71"",""SERVICE-A6395277F4E767BC"",""SERVICE-73BFE81A0D4829C5"",""SERVICE-58B035C5E9788133"",""SERVICE-816A382744DB5137"",""SERVICE-98E9E89033EBA653"",""SERVICE-4972055E885A81B5"",""SERVICE-B08FB6CC17EBFDF0"",""SERVICE-68A480A6E9CBA599"",""SERVICE-4A048BA916F87419"",""SERVICE-8613ED969FED113D"",""SERVICE-308DF268A44D45C0"",""SERVICE-B0A16F87CEB9ED82"",""SERVICE-6CBA5E8532F4DCB1"",""SERVICE-1235ACA4D6384482"",""SERVICE-A3E7AACB56531266"",""SERVICE-A91322CAAC9CEA6F"",""SERVICE-C9E71F290B9FDAC3"",""SERVICE-B16CEEB9BAA240E5"",""SERVICE-EF65505B008DA215"",""SERVICE-9C77D68112CEC715"",""SERVICE-B8FBC069AC3D9715"",""SERVICE-CB2F3AEF13E587FE"",""SERVICE-729E6360A4E2B9A4"",""SERVICE-583CC658902AAA3D"",""SERVICE-99021AC166F5F884"",""SERVICE-6D14513CA0D12123"",""SERVICE-ADF279497F970FF5"",""SERVICE-6B6C7E55374D7E2A"",""SERVICE-8A6CD62C525B2A7B"",""SERVICE-962F8076AAA6817F"",""SERVICE-8956A9F5C6AC580F"",""SERVICE-2801E3600EE9898D"",""SERVICE-928B80059A84CCA7"",""SERVICE-48372346EAB4045B"",""SERVICE-63E8E8B2EE12675C"",""SERVICE-2599425552205870"",""SERVICE-D0352141FB13ACE1"",""SERVICE-508C59949F4D486A"",""SERVICE-76CAC7BC106E2C94"",""SERVICE-9B9C8F7759E0493D"",""SERVICE-BAA89DD1F966F82D"",""SERVICE-0992CD33B49E72EB"",""SERVICE-1839E38FD4EC5329"",""SERVICE-F2A23CE44242486D"",""SERVICE-EC5ACB1E00A25B85"",""SERVICE-4A0A068204BBF4D4"",""SERVICE-23A7178C1BF94AA5"",""SERVICE-E2FA54B4CE750421"",""SERVICE-4EC77C5641D3AE4A"",""SERVICE-DCA3B770A5642C25"",""SERVICE-E91B5A4E3F7D214E"",""SERVICE-9D4DBC43E8A82BC5"",""SERVICE-8AB8F6B18E273E79"",""SERVICE-922D0D5A9D571CBB"",""SERVICE-C5925CBF31126404"",""SERVICE-E155A54CEA7B8B56"",""SERVICE-4601C18493CA7A90"",""SERVICE-533E9F324297E9DC"",""SERVICE-FD07A39F428D437A"",""SERVICE-DAF9BDA8A0836606"",""SERVICE-C2C079D562F1BCB5"",""SERVICE-D066212B53BF8410"",""SERVICE-E91B88A0CF68EF32"",""SERVICE-933EAC91B8358011"",""SERVICE-CF8E118417378FC5"",""SERVICE-47ADFE0B994AA1E5"",""SERVICE-B41C1D2020D9E4F5"",""SERVICE-2F1188C356D43612"",""SERVICE-C089145B9FB234EA"",""SERVICE-BE177F669BE1358A"",""SERVICE-66028A1A0F06C4B8"",""SERVICE-17A63921E616CE07"",""SERVICE-48FBA62AAF7AAF14"",""SERVICE-47794D561A16EF34"",""SERVICE-7C42AF5D642ED203"",""SERVICE-E6C6A1EA663EC42D"",""SERVICE-A904740789947160"",""SERVICE-2BF541446774B01D"",""SERVICE-29093E2F4C3BB4C6"",""SERVICE-94CBDC33C02AE58E"",""SERVICE-A69BC35DA505270C"",""SERVICE-D63F53BC9F4A5C90"",""SERVICE-33F9A214AC664294"",""SERVICE-4BB02F9EC66D1D5E"",""SERVICE-82387BF12BBD1583"",""SERVICE-7D198EAB8C7659A2"",""SERVICE-855264D43CCA9AA5"",""SERVICE-1DDDA7516652BBD2"",""SERVICE-CAD8080DE0A26407"",""SERVICE-BF6FF1211269822E"",""SERVICE-0D664A04AD19CC02"",""SERVICE-3B1277AB5AFA912A"",""SERVICE-7A039D2ED18731B1"",""SERVICE-7B17FA42DCCFB208"",""SERVICE-3CD488A019536201"",""SERVICE-90E9901505788A82"",""SERVICE-A7136E95F164F949"",""SERVICE-73B336782E7D3405"",""SERVICE-990E8E77A7AD8E99"",""SERVICE-7A9EF9E24C7960CB"",""SERVICE-52FBAB6A55A44CF4"",""SERVICE-2AB7F97B5E9823F8"",""SERVICE-4E91595E80C369E7"",""SERVICE-3B6C2045CC769730"",""SERVICE-962E702B08685092"",""SERVICE-269D57285F618926"",""SERVICE-8C8B11A772203179"",""SERVICE-6183C768E6EA801B"",""SERVICE-00ADCFD8EBCF04AC"",""SERVICE-46B81640E099DEF3"",""SERVICE-A7244535F39D5E0A"",""SERVICE-A7F4B268878CD406"",""SERVICE-AB2DDFA7D25B02D6"",""SERVICE-F6FA953CF2CBDF9E"",""SERVICE-8CC89B6333D304D9"",""SERVICE-909E6E6CF2EF4A0F"",""SERVICE-38DEF6DF895FA0E1"",""SERVICE-10693E42222A6AC6"",""SERVICE-3D9B6DB421DF4EA4"",""SERVICE-54C01E0A9467B866"",""SERVICE-591727E88CC93E7D"",""SERVICE-318EE50282CED128"",""SERVICE-9E0AEBE48CBA1F84"",""SERVICE-C295E5892D99358A"",""SERVICE-38E11941A8CB2E73"",""SERVICE-80AF7E6BB9746332"",""SERVICE-4207C8CE8909A4EA"",""SERVICE-44BE47D0E96AD69A"",""SERVICE-EAFFAD2E08F58831"",""SERVICE-284E9730DCFB0D83"",""SERVICE-2B6E5E92DA6B28D0"",""SERVICE-0F44D72B4272FB51"",""SERVICE-C1BA61B706D3C71B"",""SERVICE-F62459B1B846143A"",""SERVICE-C5D8011458BAFD99"",""SERVICE-CB8F626AAE2306A3"",""SERVICE-34D5A03EB775EAE6"",""SERVICE-3E1D6ABE07498A14"",""SERVICE-DD6B89DEAF867026"",""SERVICE-C66E6127248BC8D1"",""SERVICE-3E7D381463B984F4"",""SERVICE-334104EC51F2EEDB"",""SERVICE-D1AE1487862843A3"",""SERVICE-08A4F03580A17F9A"",""SERVICE-7C2FD3C413EF1D28"",""SERVICE-3F3AF50C97417A6B"",""SERVICE-B6DAFF2529AC417F"",""SERVICE-FC2E74C56D9F6DE2"",""SERVICE-96E63143B0FC54F7"",""SERVICE-1A26593DD1830B4C"",""SERVICE-6D43AE24B24C10EE"",""SERVICE-B3396A34FA95BA5F"",""SERVICE-7E5AC840CDEDF22E"",""SERVICE-36E3D3F1E6F3C40A"",""SERVICE-A33BBCD35634E820"",""SERVICE-520DEFE0BB2F5F31"",""SERVICE-8D49006AE036CD74"",""SERVICE-B8322B3B5E8C6E6F"",""SERVICE-3FB2B86641034530"",""SERVICE-2D27C4FA30F678A1"",""SERVICE-7FFE1E52378351AF"",""SERVICE-2DE3D38D8CD69ACE"",""SERVICE-0246F07EB2412850"",""SERVICE-99BF4BAC550FE031"",""SERVICE-D0C2351D20F0CD3E"",""SERVICE-179819E203F42A3D"",""SERVICE-0DC94B70E29EC582"",""SERVICE-C7233F895E2E00DD"",""SERVICE-7F8CFB268F3163D8"",""SERVICE-D01A4A2DE3DB100C"",""SERVICE-5D69CFA21B25893D"",""SERVICE-29BD2E682FBC6806"",""SERVICE-5450171BEBEDEAFA"",""SERVICE-87358A647DE7C92C"",""SERVICE-FF96E09BB3B9ECD0"",""SERVICE-3764D35640B98560"",""SERVICE-DAF7DFBD31A3AE12"",""SERVICE-5362386CEE44E330"",""SERVICE-C39903046B795224"",""SERVICE-28AC5668A4BC7AF3"",""SERVICE-12824DFE1DFBA07E"",""SERVICE-150E0A158CAFEA2E"",""SERVICE-5FD280E66E0278E0"",""SERVICE-8DF5CE4CCBE268E2"",""SERVICE-D93FC099378DEF8D"",""SERVICE-7B1C9FB4A56BA0FC"",""SERVICE-ACA9018EAF9B4B88"",""SERVICE-7B6252E3E69F495B"",""SERVICE-67A22687C8FDE894"",""SERVICE-6E1B696F0165475D"",""SERVICE-ED0A2DCDF94878D3"",""SERVICE-6048F28181989510"",""SERVICE-6865DFB363A52E14"",""SERVICE-0B77A6E157699A2B"",""SERVICE-706E31DB45AF8260"",""SERVICE-67095489AFDA2438"",""SERVICE-42C5BECB1E188260"",""SERVICE-482C4FEE570EB1DD"",""SERVICE-98E07FB6C1A6E067"",""SERVICE-65AFCE0E10E5FDEA"",""SERVICE-020509EA30E4D396"",""SERVICE-68C4A373DDA5F088"",""SERVICE-C084E9A1E6C0CF41"",""SERVICE-26EAA8782CC89B45"",""SERVICE-DF2BCB9781793543"",""SERVICE-20ADF4986676D2D5"",""SERVICE-602376C5AD63BD2F"",""SERVICE-D9AAD3BB580BB435"",""SERVICE-4292769275104325"",""SERVICE-26417747C55F5D7B"",""SERVICE-2402D8C8C7D8F1A6"",""SERVICE-4D2B74927C454E24"",""SERVICE-0122CEC8767DBA55"",""SERVICE-FCF22C533CEC451D"",""SERVICE-2AB8533186E75EBB"",""SERVICE-DA5A7F5580BD9F17"",""SERVICE-1D273C124FE8643D"",""SERVICE-23C2917611460681"",""SERVICE-0505C14E90DDB67A"",""SERVICE-FCD830C783EEAC9F"",""SERVICE-DEEC2AC351346627"",""SERVICE-43B46FD158B74F44"",""SERVICE-22855484A1EADC05"",""SERVICE-8BC5DD47FB692751"",""SERVICE-1528ADB683599EEA"",""SERVICE-80921869DEB8A3FE"",""SERVICE-5437C17EEC3C20D5"",""SERVICE-F3F07384B7E3D647"",""SERVICE-53BE5C454E13034E"",""SERVICE-E2A33471EE9A998A"",""SERVICE-1ACD5A8839ED1274"",""SERVICE-A7D9ACAD33A41A9F"",""SERVICE-B93B7E18F0730D3E"",""SERVICE-EF111830B7B4194B"",""SERVICE-F9EA4F8C9D948991"",""SERVICE-CF9CA5915185BE63"",""SERVICE-4B0131F3A11D41D1"",""SERVICE-451E35C4FBA1CEA5"",""SERVICE-5789F394841CCB0C"",""SERVICE-8CB6FB75522960F9"",""SERVICE-CDEAF9D36732B6AF"",""SERVICE-BBDB90F7EB3E89A4"",""SERVICE-6ED4B9DFEAB9DC06"",""SERVICE-CBCF6936D4FF524C"",""SERVICE-BE9F86BEE902D55F"",""SERVICE-94C1199191DD5CF2"",""SERVICE-0BD9181D93431AFD"",""SERVICE-EB72E40D3ED271FA"",""SERVICE-39EB8FF671621D2A"",""SERVICE-93354FCB65FADAF3"",""SERVICE-311E4D6048792CEE"",""SERVICE-85B0DFE6483BD211"",""SERVICE-6169C1D0E0B98BEF"",""SERVICE-A62883176ACF0C09"",""SERVICE-A5349B846AA5307C"",""SERVICE-13AF6725B5D0A3A4"",""SERVICE-8021314178505339"",""SERVICE-9928E2475B7A2A11"",""SERVICE-8885828AD6BB5E22"",""SERVICE-2247C34C4FF4CD56"",""SERVICE-E09D20802A1371B4"",""SERVICE-429929093B7F48C0"",""SERVICE-7257E108F711E707"",""SERVICE-4F7ECB9603A2E536"",""SERVICE-D36A91D3A69F8414"",""SERVICE-FA5800042087C099"",""SERVICE-30EB447206C79099"",""SERVICE-39B7D608F7209A6A"",""SERVICE-CE6752EAF6739021"",""SERVICE-1D27459BAB6BB082"",""SERVICE-C2349FA5F29225EC"",""SERVICE-E2A10FA8AD1904F7"",""SERVICE-49F55463549CAA40"",""SERVICE-C84122E34764693E"",""SERVICE-60E68650864A8232"",""SERVICE-D16B35FD667C4614"",""SERVICE-168FA5D53087E129"",""SERVICE-D2C82313BA75315C"",""SERVICE-CDBE2D472925EBE5"",""SERVICE-22556777B3F51EC7"",""SERVICE-B9E0A17B1A7D66E5"",""SERVICE-FB27664DB5B5AAEE"",""SERVICE-93FC948A956BD02D"",""SERVICE-F52295394AF5AE74"",""SERVICE-FEBD43FBDFEEEA35"",""SERVICE-B4FCB778F4B5DD98"",""SERVICE-D2BC1409AD580F5C"",""SERVICE-B43F85FFCB4E1E1E"",""SERVICE-C62E11E33FCBD0B9"",""SERVICE-24194823A3B82B8B"",""SERVICE-453D77BE0E04713B"",""SERVICE-BF1FF1243911806A"",""SERVICE-87BA56FDD4336833"",""SERVICE-5E60D0DCDE4EBB58"",""SERVICE-0215E0A7209F2D7C"",""SERVICE-8AF14619F69DD1A6"",""SERVICE-94BBB0C08F6C0781"",""SERVICE-48D6F4848235129E"",""SERVICE-F79A1CA0CF932FDA"",""SERVICE-4935E9B0ED9CC66B"",""SERVICE-EBF603E09DD2E282"",""SERVICE-7403490E9DB5EC4F"",""SERVICE-31D80FE059E36C56"",""SERVICE-E5EC5614082EFECA"",""SERVICE-4B820BEFF9E2F66E"",""SERVICE-10F5CA0CB293278A"",""SERVICE-8E52641B8156EEB6"",""SERVICE-81986EE08CEE8682"",""SERVICE-E9D5ABD9FC6F4ACA"",""SERVICE-08DEF7792CBF1827"",""SERVICE-EFB05A2F28DBC91B"",""SERVICE-5392D1D94452D354"",""SERVICE-3E5597BDEC91AA36"",""SERVICE-834B23B90949866B"",""SERVICE-19F87BAC3F498A2A"",""SERVICE-CB7684FB99B71962"",""SERVICE-CC919D1D3FC7420B"",""SERVICE-0FE7285374E9BEA6"",""SERVICE-88B23CF2191BC0AA"",""SERVICE-E3B5DB12C169D6AE"",""SERVICE-B8D08CBEAA4051CA"",""SERVICE-C71EC2CDF06B8030"",""SERVICE-328CD8429809DDDC"",""SERVICE-823004D79202B8FC"",""SERVICE-EFDAF7EB0D98DA31"",""SERVICE-D5C1A9E04448557B"",""SERVICE-1665C060B604EC66"",""SERVICE-261928E3FB0811F5"",""SERVICE-E3D32AD06E914237"",""SERVICE-E9CA2795900053E4"",""SERVICE-E61FCB6D8B9283AF"",""SERVICE-DBB48690616253FC"",""SERVICE-699C5EBD15F18964"",""SERVICE-03F8BB6F9B6A8FB3"",""SERVICE-B2294E7D74CD5D54"",""SERVICE-3760D6C83CD970C0"",""SERVICE-EDA0FD490B346FAD"",""SERVICE-C9B8EDE8AF715EF2"",""SERVICE-7F6A1700D4A67132"",""SERVICE-217BA368CD3CABC1"",""SERVICE-2BD9DC7893A548E1"",""SERVICE-325761250FBE9928"",""SERVICE-449D8E7C5B8C1712"",""SERVICE-EEDE9D7C60D2B7F8"",""SERVICE-07D4032B4E15276A"",""SERVICE-6E0D64C50CB9EA17"",""SERVICE-DBF887C8599B69A7"",""SERVICE-D5B9A66E70D50901"",""SERVICE-461F87457BBE9F70"",""SERVICE-C565CCDDC25F9D6C"",""SERVICE-C40370EC3228522B"",""SERVICE-1F756990A63EBACB"",""SERVICE-A5697E7F3FC90939"",""SERVICE-D72673EF3E559099"",""SERVICE-4E16C741771954D8"",""SERVICE-ACCCFD26BDFC469E"",""SERVICE-F29EDDCD6F2405E9"",""SERVICE-563663CCA471FD4C"",""SERVICE-D8A60185F43828B0"",""SERVICE-CCA5CFC7C8455F19"",""SERVICE-BA54DAAD6F6E0526"",""SERVICE-DE4C075F28A72583"",""SERVICE-1D302E05A47FBA1B"",""SERVICE-3B4084EA98DE29A1"",""SERVICE-F543D763A28376CE"",""SERVICE-FBB3083E0E4557A7"",""SERVICE-FAE93A575CA7A97C"",""SERVICE-EB05B339F9524C79"",""SERVICE-03BC5DD423049187"",""SERVICE-BAD1A6DE2D9F64E0"",""SERVICE-324BED58F08C2399"",""SERVICE-C593098845F34564"",""SERVICE-A969891A91629C0D"",""SERVICE-B15F9F8AFE4515AF"",""SERVICE-6B96B57D7257A62F"",""SERVICE-9C52C7737BAC16F3"",""SERVICE-0F149DCD3156E715"",""SERVICE-3DB44DA084893995"",""SERVICE-93F3A45D849545A3"",""SERVICE-BE9365F8FB6FEAA6"",""SERVICE-DEF114698DC7AA4C"",""SERVICE-BE265473EC8E2AD0"",""SERVICE-2BBE1E146CAACC3E"",""SERVICE-93E6A90CB17DA2E8"",""SERVICE-B82FED7A54BCE4A6"",""SERVICE-29D5E7BE6A22EA93"",""SERVICE-851F19DF95D147E7"",""SERVICE-0D1B3D44041DBB37"",""SERVICE-7E23676A3083008A"",""SERVICE-8C5716754BC5E75D"",""SERVICE-BDF47F16C8645C1B"",""SERVICE-16D08E5FB6D043FD"",""SERVICE-B9F409014445F230"",""SERVICE-1C06C282F5FA8464"",""SERVICE-4C1B02141FD49EE1"",""SERVICE-7B9ED1B25B497C48"",""SERVICE-D4EE7070B3DAE0D6"",""SERVICE-CC42066453D23F20"",""SERVICE-3C3C5F9B6FD1E352"",""SERVICE-9953D257C10347D1"",""SERVICE-88CD8097FF85A0E7"",""SERVICE-D07A2D1B5A00CE49"",""SERVICE-907D89B44962FF06"",""SERVICE-6E853D55EEB5B0C5"",""SERVICE-690A4219BC0020A0"",""SERVICE-C0C35F5FF9BE290F"",""SERVICE-CB5A6485B9EE3896"",""SERVICE-BEA4F07821BAA89D"",""SERVICE-2AF25F913AEBA279"",""SERVICE-243E12A494608CBF"",""SERVICE-B218939A99F4D75F"",""SERVICE-0C033875C723DD75"",""SERVICE-F3A7CA09BF1A6365"",""SERVICE-84BB7E2AFE86ADCB"",""SERVICE-AFE9E2DC4D9C4EFD"",""SERVICE-C8968BD59F746B4D"",""SERVICE-3FBF9C6C9AB58E91"",""SERVICE-15B76745474C5CC4"",""SERVICE-E88DA74A2FC5F786"",""SERVICE-F7585C534DD2EFDC"",""SERVICE-476EFBC2406AAAE2"",""SERVICE-4668588591C0383B"",""SERVICE-86F1788875528402"",""SERVICE-15DB6DC3696E946B"",""SERVICE-CB5856A31FD5970C"",""SERVICE-D5FD08A6791C01F5"",""SERVICE-B49FB3020351136E"",""SERVICE-140BA803ECDE3D80"",""SERVICE-3D0D8EB56F923253"",""SERVICE-F308F4597674A59A"",""SERVICE-37A0C4C4DD94C041"",""SERVICE-1BCF71CAB92D3CFB"",""SERVICE-34218209CDC45432"",""SERVICE-5A3E90339FED8224"",""SERVICE-97C4093B25B635A0"",""SERVICE-3D0DDAF337A61E21"",""SERVICE-77284A52670DD404"",""SERVICE-C108BF14231C5395"",""SERVICE-3E02292266DF5E13"",""SERVICE-3AF3E3266BD31E47"",""SERVICE-E1C52E72B74DCF6A"",""SERVICE-B4301E15A703658F"",""SERVICE-A21AC73C2F4E2E45"",""SERVICE-3194F6872E9A4129"",""SERVICE-D92521BCCCAB83F4"",""SERVICE-89527C23A5D5171E"",""SERVICE-3956C45E554DCEBD"",""SERVICE-43785E1089B77A82"",""SERVICE-51B2BD3B42492681"",""SERVICE-AE966E02ABF21C31"",""SERVICE-E2238BDA679B9AAD"",""SERVICE-1BD20896B6A542BF"",""SERVICE-894B7277C401D86C"",""SERVICE-CC6CE096F121BA8C"",""SERVICE-57B0882DBAEE2224"",""SERVICE-89F3DFE5F32CAB22"",""SERVICE-33AE2D3074CB9D2E"",""SERVICE-BFBEA4756C2FFF1C"",""SERVICE-ABA2EDC1AA2480BC"",""SERVICE-C6BA465EF33BA722"",""SERVICE-FD69FC66E6ED6F19"",""SERVICE-129FFE21CFA9A7F2"",""SERVICE-F1A26E16B7D3BF0E"",""SERVICE-28551538F114E0F2"",""SERVICE-32212D028D437AEF"",""SERVICE-76915B1DAF5E6E4F"",""SERVICE-A821FF7C5E8FFFBD"",""SERVICE-CD4A1F6D843B5A9F"",""SERVICE-3FCB7FE65692BA2F"",""SERVICE-C547127154588C7D"",""SERVICE-D9587650BA41FA5E"",""SERVICE-7417B07FF1B0C1BE"",""SERVICE-45499C49AB06B4BE"",""SERVICE-74CE429AAA54BA25"",""SERVICE-65261988E025EBB4"",""SERVICE-95C316A497EC9B81"",""SERVICE-F780C4EEB2B596E7"",""SERVICE-622A278AC54EA856"",""SERVICE-173B9589F1FD3B84"",""SERVICE-0AC04A81200AC093"",""SERVICE-3D8C960C5EAB047B"",""SERVICE-CFA4700155958983"",""SERVICE-C1DEF4587E33A374"",""SERVICE-B9215C562C958152"",""SERVICE-2F2DBE45355F87C9"",""SERVICE-678FA0913A57F5BA"",""SERVICE-4EA5363B5689A18F"",""SERVICE-509683D08F49950E"",""SERVICE-CACD944C0E183FAF"",""SERVICE-042117AF634A192C"",""SERVICE-1BE545FC99397424"",""SERVICE-711EB65A94991B40"",""SERVICE-1ABFEB2F37424FDC"",""SERVICE-D8576837C1CD910D"",""SERVICE-DF88086775B841C0"",""SERVICE-98A9508D2E63CD63"",""SERVICE-514BEA068ACE713C"",""SERVICE-1FD22FA33B44E4FC"",""SERVICE-77DC9D9A9EE49568"",""SERVICE-F90130656A88723F"",""SERVICE-BA74A5D4CB50A518"",""SERVICE-E759E249812C4C6F"",""SERVICE-282E50064E313DFA"",""SERVICE-D2417A2EE9A4E0BC"",""SERVICE-53D5EF861811453A"",""SERVICE-932CFBA43FF1980B"",""SERVICE-E91B53B1EABDE1D7"",""SERVICE-77109C82922A704F"",""SERVICE-FC886CC3D86527B7"",""SERVICE-287EB9DDF0DF2E60"",""SERVICE-166F619EBDBC0BE5"",""SERVICE-F5D73DB6FF2CF4D7"",""SERVICE-25E041A207C053B4"",""SERVICE-DAD5CB238F46F78A"",""SERVICE-F72230EB0673B01C"",""SERVICE-FED23D6573F03843"",""SERVICE-EB9D8204B03B9BEE"",""SERVICE-D184DA964EA3EFE0"",""SERVICE-E17258DB1205591A"",""SERVICE-937215B7479368B8"",""SERVICE-1BF1922AA0A1ABEE"",""SERVICE-4E6AF71F332E84AC"",""SERVICE-EA27DAF8D4B3CC12"",""SERVICE-79865EB9E513CA4D"",""SERVIC",Crop,Low,PRD