app,bu,criticality,env,services
"APP-1001","Data Mgmt","High","PRD","[""SERVICE-94BBB0C08F6C0781""]"
"APP-1013","Data Mgmt","High","PRD","[""SERVICE-CC14B77F5AC61DD3"",""SERVICE-477829F3B132C174"",""SERVICE-6C57E8A33212235C"",""SERVICE-CF427B36E2C6E26B"",""SERVICE-CBF0AE9CEE6A90B5"",""SERVICE-BAA89DD1F966F82D"",""SERVICE-A966ACDD146CF97F""]"
"APP-1036","Application Delivery","High","PRD","[""SERVICE-70761517F1BDC01F"",""SERVICE-4DADD038B055C009"",""SERVICE-79FB40086CB8A816"",""SERVICE-C19CF68AAA87A8CB"",""SERVICE-0D3CBBD34359646C"",""SERVICE-6A0BE0F5D7B3B2CC"",""SERVICE-928A9336F907EF2B"",""SERVICE-180409C290383DEA"",""SERVICE-630CE1E56BCF14D9"",""SERVICE-992B205BEC176FCF"",""SERVICE-4EBF7B7A172D3835"",""SERVICE-AAFA2DD0DAE58060"",""SERVICE-75929D94084BB8AE"",""SERVICE-7420252C9F379FBD"",""SERVICE-57D3D8CCF6FE3822"",""SERVICE-972BE1303822F7C5"",""SERVICE-20478E619E92C898"",""SERVICE-F1ECA42A0C7EA229"",""SERVICE-CF6F733700F701E5"",""SERVICE-F5008AA0E1531DC4"",""SERVICE-82CA8CBFC47F851C"",""SERVICE-7D3AE57F2D95D129"",""SERVICE-C089145B9FB234EA"",""SERVICE-269D57285F618926"",""SERVICE-5D69CFA21B25893D"",""SERVICE-2F0C49A7F1BB15AF"",""SERVICE-DEEC2AC351346627"",""SERVICE-31855FDB1FDC74B5"",""SERVICE-013DF9C35B88F937"",""SERVICE-FB27664DB5B5AAEE"",""SERVICE-1DF06BDE68D91DC1"",""SERVICE-4B820BEFF9E2F66E"",""SERVICE-EDA0FD490B346FAD"",""SERVICE-A3FB5F92A3E17338"",""SERVICE-3956C45E554DCEBD"",""SERVICE-F780C4EEB2B596E7"",""SERVICE-E8D5A1AF07A36417"",""SERVICE-706380B655B36BD1"",""SERVICE-C28947A639D2DFA1""]"
"APP-10362","Adv Tech & Ent Sol","High","PRD","[""SERVICE-00EB53005F8733C7"",""SERVICE-EF098F4E759C791F""]"
"APP-10385","IT Infrastructure & Operations","Low","PRD","[""SERVICE-E782D1F8D89C57D1"",""SERVICE-FD63C0CDC24462BB"",""SERVICE-FCD830C783EEAC9F"",""SERVICE-E1F5C4D07FBFD091""]"
"APP-1049","Application Delivery","High","PRD","[""SERVICE-1C07BC985A4B8556"",""SERVICE-9E08FB689C91EF26"",""SERVICE-2FB3CA9EF4445B65"",""SERVICE-C88577946500E880"",""SERVICE-42EA53933FF1994D"",""SERVICE-CE1110889FA59E4D"",""SERVICE-DA99CE09C71E07E9"",""SERVICE-667BB580BD399E90"",""SERVICE-1B05A41BB75B3016"",""SERVICE-49724EF4E9C6F137"",""SERVICE-8A138F2CA64A5B50"",""SERVICE-99067DE7415714DB"",""SERVICE-1E8DF536EA96226C"",""SERVICE-3F67133DDC99175B"",""SERVICE-7DAB477A95727742"",""SERVICE-C1C843DA91C63A19"",""SERVICE-2247C34C4FF4CD56"",""SERVICE-196D8474269B9359""]"
"APP-1054","Application Delivery","High","PRD","[""SERVICE-9160100D795AAB63"",""SERVICE-F93498C5DEC7C17C"",""SERVICE-8F7FBB3DE9294327"",""SERVICE-8AE87CD797D32FEA"",""SERVICE-3DB3129EC069432E"",""SERVICE-136CED9798D8CC48"",""SERVICE-9B0885A6B46A9801"",""SERVICE-2BE8961D988DDF63"",""SERVICE-27234F359812A28D"",""SERVICE-75DF11B59242A435"",""SERVICE-0FE28EAE1B762A30"",""SERVICE-751D9E8C12F2EA33"",""SERVICE-991DE1FC2C498E40"",""SERVICE-FE5B013367A6C286"",""SERVICE-539E9BC9C641B463"",""SERVICE-A0C8AC0C01F57241"",""SERVICE-676269913FBA2C1E"",""SERVICE-16294C984B6F6859"",""SERVICE-C412335EBED75A8D"",""SERVICE-08F4C665F2736C7A"",""SERVICE-FA9666F2C2E7211C"",""SERVICE-DCC167BE80150228"",""SERVICE-729E6360A4E2B9A4"",""SERVICE-2801E3600EE9898D"",""SERVICE-214BE5E9FA263832"",""SERVICE-CAD8080DE0A26407"",""SERVICE-3E1D6ABE07498A14"",""SERVICE-08A4F03580A17F9A"",""SERVICE-7B7BCF0D69015508"",""SERVICE-99BF4BAC550FE031"",""SERVICE-179819E203F42A3D"",""SERVICE-CBB454BF8DEA12D6"",""SERVICE-6865DFB363A52E14"",""SERVICE-DA5A7F5580BD9F17"",""SERVICE-5789F394841CCB0C"",""SERVICE-B43F85FFCB4E1E1E"",""SERVICE-32CF44216BFA1095"",""SERVICE-325761250FBE9928"",""SERVICE-6E0D64C50CB9EA17"",""SERVICE-E503A880D5CFD4F3"",""SERVICE-DEF114698DC7AA4C"",""SERVICE-907D89B44962FF06"",""SERVICE-4DA98300D97221FC"",""SERVICE-C6BA465EF33BA722"",""SERVICE-76915B1DAF5E6E4F"",""SERVICE-042117AF634A192C"",""SERVICE-FED23D6573F03843"",""SERVICE-C2CBD81653CA478D"",""SERVICE-2733CAB77ECA93FA""]"
"APP-10592","IT Infrastructure & Operations","Low","PRD","[""SERVICE-2E33A6E3C92B3F7A"",""SERVICE-6227640722AB30BD"",""SERVICE-5E7C346D07F84577"",""SERVICE-8AA8335F6E4927E6"",""SERVICE-4CA3D46F67E58144"",""SERVICE-D1CA019D647CD02F"",""SERVICE-832CCE55D878E7C3"",""SERVICE-4905E90784525FF1"",""SERVICE-23E95D270A15E493"",""SERVICE-1235ACA4D6384482"",""SERVICE-962E702B08685092"",""SERVICE-4CDFB9C2E012D547"",""SERVICE-7FB06524CF19249D""]"
"APP-10594","Data Analytics Engineering","High","PRD","[""SERVICE-136905A5D1DE50F5"",""SERVICE-C613FD86B8E112F0"",""SERVICE-91D8DDA18B82F65E"",""SERVICE-8444C7AE612C1E53"",""SERVICE-8ABAC2EA7325D29F"",""SERVICE-62A13220F001D8F6"",""SERVICE-E0C6660F3A6B1455"",""SERVICE-7CE4DAA904265E96"",""SERVICE-B5F0FAC7AA721336"",""SERVICE-71B13E15A6A5CF86"",""SERVICE-14F1DBDF8454B52B"",""SERVICE-F48FA0F2B8889A61"",""SERVICE-43CFC7A7D828A447"",""SERVICE-0E8AECB32261B612"",""SERVICE-9F850ADA8D8A9BAE"",""SERVICE-E91B88A0CF68EF32"",""SERVICE-DD6B89DEAF867026"",""SERVICE-A33BBCD35634E820"",""SERVICE-3764D35640B98560"",""SERVICE-C62E11E33FCBD0B9"",""SERVICE-88B23CF2191BC0AA"",""SERVICE-21C600F4913C9DFF"",""SERVICE-1BCF71CAB92D3CFB"",""SERVICE-65261988E025EBB4"",""SERVICE-77DC9D9A9EE49568"",""SERVICE-C317BE3F0199AC48""]"
"APP-10595","Application Delivery","High","PRD","[""SERVICE-E4F3C6AC5C826100"",""SERVICE-DD8B767BB864ADFF"",""SERVICE-84F49DD9D129A057""]"
"APP-10700","Application Delivery","High","PRD","[""SERVICE-5C9AF46F57F3D5DF"",""SERVICE-B0A16F87CEB9ED82""]"
"APP-1079","Data Mgmt","High","PRD","[""SERVICE-DA7D86818D040EA6"",""SERVICE-94C34D9008FF666C""]"
"APP-1095","Application Delivery","High","PRD","[""SERVICE-C2DE430DA78622FF""]"
"APP-1107","Application Delivery","High","PRD","[""SERVICE-9ECDBA094366DBE4"",""SERVICE-FFE1B10CA97BA48B"",""SERVICE-6F2713F9E041D84A"",""SERVICE-408E759C40B5196D"",""SERVICE-184BB029AC786C9D""]"
"APP-1113","Data Mgmt","High","PRD","[""SERVICE-23A4903F2E695087"",""SERVICE-51F6728EDF38ECCD"",""SERVICE-5691033202B6ECC3"",""SERVICE-CA3028EE0834B729"",""SERVICE-BE177F669BE1358A"",""SERVICE-843CEF2E7EBA7A4B"",""SERVICE-681A619CC1008612""]"
"APP-11359","Data Mgmt","Low","PRD","[""SERVICE-DDE7B11BECDA016B""]"
"APP-1137","Adv Tech & Ent Sol","Low","PRD","[""SERVICE-702412613B3CA930"",""SERVICE-CC7D066F5479D54E"",""SERVICE-F34FA4DBFAAB3705"",""SERVICE-4BCD26EB36F8057D"",""SERVICE-3316CAE1C178DBCF"",""SERVICE-DF17007914C80CA2"",""SERVICE-A7136E95F164F949"",""SERVICE-2EB3386CFC0A6111"",""SERVICE-CB230440C451CF08"",""SERVICE-AE966E02ABF21C31"",""SERVICE-B80577850AE808F5"",""SERVICE-D8FFEF40FEDF4390""]"
"APP-11728","IT Infrastructure & Operations","Low","PRD","[""SERVICE-A2311E9EB02C3819"",""SERVICE-3542460BA6DE201C"",""SERVICE-67095489AFDA2438"",""SERVICE-E2238BDA679B9AAD"",""SERVICE-89F3DFE5F32CAB22""]"
"APP-1179","Adv Tech & Ent Sol","High","PRD","[""SERVICE-99044E8F22152083"",""SERVICE-DEE052B191B5AD02"",""SERVICE-A8E4D1F98E7E65F4"",""SERVICE-3DF2DB5C8004105B"",""SERVICE-99FFCA91C01902B7"",""SERVICE-27AA7F5C64FA1D7F"",""SERVICE-01A0D24865F5CCEF"",""SERVICE-80AF7E6BB9746332"",""SERVICE-2AFF05095B07D9F9"",""SERVICE-66FB913B386B4883"",""SERVICE-7803740406568317""]"
"APP-12278","Application Delivery","Low","PRD","[""SERVICE-71124F85D426DA6E"",""SERVICE-2673D99BCA991CC5""]"
"APP-12339","null","null","PRD","[""SERVICE-5AD0D38BD1D12EE3"",""SERVICE-C0EE8AE21788CC95"",""SERVICE-79343393AFD3306E"",""SERVICE-1448B7065E497617"",""SERVICE-D7322B8360DE19FF"",""SERVICE-4769A40A079BC42C"",""SERVICE-D01A4A2DE3DB100C"",""SERVICE-E5995C37AAF739E6"",""SERVICE-5D43EB1B8B55F71C""]"
"APP-1234","Application Delivery","High","PRD","[""SERVICE-3F0525251DCE933F"",""SERVICE-D202F8D71BAA047F"",""SERVICE-466AF8327FCAD355"",""SERVICE-782B892840296437"",""SERVICE-F116334E0606595D"",""SERVICE-B166233DD9E6BDE0"",""SERVICE-91FA3552D31F6188"",""SERVICE-6D880ED0E47B2FC6"",""SERVICE-40A91E444B153F8C"",""SERVICE-E16A310790F07BE0"",""SERVICE-DC34494279EE9F1D"",""SERVICE-6B5BD99B8EF66F22"",""SERVICE-8C0EFE53CB1C0A5C"",""SERVICE-FF7C587191660123"",""SERVICE-C2500BA71A466E38"",""SERVICE-612037327E223E33"",""SERVICE-2D7BE909E1ABB3E0"",""SERVICE-19EF468EED35F4FB"",""SERVICE-79160B263C16976A"",""SERVICE-8BA077EDECE289AC"",""SERVICE-D3FAE8B496E5967D"",""SERVICE-747DA91BE455DB52"",""SERVICE-2DB2E7B09A985E85"",""SERVICE-990E8E77A7AD8E99"",""SERVICE-3FB089499362BBC9"",""SERVICE-2F4F59A765BBE829"",""SERVICE-3FB2B86641034530"",""SERVICE-0B77A6E157699A2B"",""SERVICE-13E69AF349DE053D"",""SERVICE-BBDB90F7EB3E89A4"",""SERVICE-4F7ECB9603A2E536"",""SERVICE-4AFDA72B0CAEF5B4"",""SERVICE-B15F9F8AFE4515AF"",""SERVICE-1FD22FA33B44E4FC"",""SERVICE-F0E54B61569F8519"",""SERVICE-6FA42A6C73C45D6E""]"
"APP-12372","Data Analytics Engineering","Low","PRD","[""SERVICE-8F36A90265BB7C3B""]"
"APP-1238","Application Delivery","High","PRD","[""SERVICE-B08FB6CC17EBFDF0""]"
"APP-12692","null","null","PRD","[""SERVICE-3737A0EABC03C3EF"",""SERVICE-34D5A03EB775EAE6"",""SERVICE-0051DE71FA6CAD2B"",""SERVICE-16856989ED22F117""]"
"APP-1270","Application Delivery","High","PRD","[""SERVICE-3C999DE48676C16D"",""SERVICE-B9049328B0587098"",""SERVICE-ED4027D5312B33C6"",""SERVICE-4E6AF71F332E84AC""]"
"APP-12796","Data Analytics Engineering","Low","PRD","[""SERVICE-63D026814D04A450"",""SERVICE-0FE5E4EC02F1BB47"",""SERVICE-2DA4BF938087804B"",""SERVICE-E2FAADEFF16D0843"",""SERVICE-DC909687D44D2B4A"",""SERVICE-88B651139F3C5415"",""SERVICE-2505A7C239BC2A8E"",""SERVICE-692F67FD7FE05524"",""SERVICE-2AC677E55C7ED817"",""SERVICE-F3001273976EB38F"",""SERVICE-5BA60E59D29A3BB6"",""SERVICE-DFA4794BB5640087"",""SERVICE-1EBFC5F6AE23B5FD"",""SERVICE-1447A649D5FBC689"",""SERVICE-34C1E3FC4FA808FA"",""SERVICE-C2499C7C03FBDC5F"",""SERVICE-D5681DD88DDBB6F2"",""SERVICE-58B035C5E9788133"",""SERVICE-EF65505B008DA215"",""SERVICE-C2C079D562F1BCB5"",""SERVICE-D1AE1487862843A3"",""SERVICE-29BD2E682FBC6806"",""SERVICE-C84122E34764693E"",""SERVICE-8AF14619F69DD1A6"",""SERVICE-D8A60185F43828B0"",""SERVICE-ACD8C7A9168154F2"",""SERVICE-B9F409014445F230"",""SERVICE-9953D257C10347D1"",""SERVICE-86F1788875528402"",""SERVICE-6FFF504E0DC81C3E"",""SERVICE-FF1990C791A3153E"",""SERVICE-4EA5363B5689A18F"",""SERVICE-509683D08F49950E"",""SERVICE-5352CCB299AF86C3"",""SERVICE-0CC473864CF1C21F"",""SERVICE-F0B7B46B42A1F4F0""]"
"APP-12797","Data Analytics Engineering","Low","PRD","[""SERVICE-9832D30D5D078BBD"",""SERVICE-40BE6B65E2333FD4"",""SERVICE-C05E1BC71957ABB7"",""SERVICE-6AE3FFB33194EDC7"",""SERVICE-B2E60C26F96ECF14"",""SERVICE-BD0F7D73B65F7CCB"",""SERVICE-CAEDDB386EEF8EA4"",""SERVICE-E10F8F8ED5F5093F"",""SERVICE-FCD362AAEA2E46C0"",""SERVICE-D77793305B9FAA2B"",""SERVICE-6EAC6D27A9AA6C2D"",""SERVICE-8F6AA6E13C33CD22"",""SERVICE-197839EBE52E1DE6"",""SERVICE-B3E6F76020654692"",""SERVICE-33B3D0AB83EC233B"",""SERVICE-A6395277F4E767BC"",""SERVICE-B8FBC069AC3D9715"",""SERVICE-63E8E8B2EE12675C"",""SERVICE-722AE023CB321B88"",""SERVICE-F62459B1B846143A"",""SERVICE-B3396A34FA95BA5F"",""SERVICE-F9EA4F8C9D948991"",""SERVICE-A2640C5B680E5C03"",""SERVICE-8E52641B8156EEB6"",""SERVICE-5392D1D94452D354"",""SERVICE-261928E3FB0811F5"",""SERVICE-B2294E7D74CD5D54"",""SERVICE-0D1B3D44041DBB37"",""SERVICE-3D0DDAF337A61E21"",""SERVICE-51B2BD3B42492681"",""SERVICE-A821FF7C5E8FFFBD"",""SERVICE-C547127154588C7D"",""SERVICE-173B9589F1FD3B84"",""SERVICE-FE16DA23D4B17DAD"",""SERVICE-6DF69FC9E35F1B94"",""SERVICE-454F4C98376C0DB8""]"
"APP-12815","ZAAM","Low","PRD","[""SERVICE-75E742E0F101DF95"",""SERVICE-6BCAD75D44998414"",""SERVICE-150999E1434BA56C""]"
"APP-1284","Data Mgmt","High","PRD","[""SERVICE-654D7CCBBD566E4F"",""SERVICE-A8232FF04D0452A9"",""SERVICE-BF6FF1211269822E"",""SERVICE-96E63143B0FC54F7"",""SERVICE-94C1199191DD5CF2""]"
"APP-13012","Adv Tech & Ent Sol","High","PRD","[""SERVICE-F54B808430D1B5A8"",""SERVICE-1D27459BAB6BB082"",""SERVICE-140BA803ECDE3D80"",""SERVICE-BFBEA4756C2FFF1C""]"
"APP-13059","Application Delivery","Low","PRD","[""SERVICE-F6F7940BBF0F62B0"",""SERVICE-E0DB202F31F275AB""]"
"APP-1309","Data Mgmt","High","PRD","[""SERVICE-73B336782E7D3405"",""SERVICE-0BA5C7CB79B7B8F6"",""SERVICE-BBEBB320AAE8F367""]"
"APP-13308","Adv Tech & Ent Sol","Low","PRD","[""SERVICE-F8F32CD70A636F0C"",""SERVICE-B69CECB9AD3167DE"",""SERVICE-34A6EA418DB2A258"",""SERVICE-8EBA624D96CB4AA9"",""SERVICE-AB0210E8F939C5CE"",""SERVICE-CB7782DB26182DC4"",""SERVICE-46CAB32D8CF354F7""]"
"APP-13743","IT Infrastructure & Operations","Low","PRD","[""SERVICE-5F7C89850C80E07A"",""SERVICE-6B8D21774E9D3C79"",""SERVICE-A12A31CBA21E3CE3"",""SERVICE-3044139EF37F783E""]"
"APP-1544","Application Delivery","High","PRD","[""SERVICE-C1F3EC7B7554C450"",""SERVICE-FE82C390CE1FE7D2"",""SERVICE-348F5D476365779D"",""SERVICE-280DEF772E267530"",""SERVICE-485CAF0A1FAFE6BD"",""SERVICE-649EE8A86B5F4900"",""SERVICE-6FB57D7F643041E3"",""SERVICE-3E20566BF7608BEA"",""SERVICE-E8957E13417081E4"",""SERVICE-7EDED2E40B77B6AC"",""SERVICE-5D001E93ECEEF9DD"",""SERVICE-AB16893B687D5005"",""SERVICE-5B8E559FAAE3DE8A"",""SERVICE-0158AC3643CDF1AD"",""SERVICE-B033B6D348C05304"",""SERVICE-8B626B885884A7F9"",""SERVICE-D0150953D26AAB35"",""SERVICE-CB1B2DAF34E12E29"",""SERVICE-70405E096A3B36D0"",""SERVICE-90DE3B963D72AB4C"",""SERVICE-816A382744DB5137"",""SERVICE-8EAA17D4C57899E8"",""SERVICE-3B6C2045CC769730"",""SERVICE-D20E50D229CFCB76"",""SERVICE-6A4D1D6A34667C2F"",""SERVICE-97A639A6AFC68630"",""SERVICE-12824DFE1DFBA07E"",""SERVICE-29C188AFFFA4FBDF"",""SERVICE-E1EC5188C722B5E4"",""SERVICE-834B23B90949866B"",""SERVICE-B433C6741D672371"",""SERVICE-701408EF632C5469"",""SERVICE-D07A2D1B5A00CE49"",""SERVICE-D7C56AACF0267AE2"",""SERVICE-94E72231E5969FAB"",""SERVICE-95229D3583D1FDAF"",""SERVICE-8F4CC71241B5CFBA"",""SERVICE-84B6E3305BE3B4E6"",""SERVICE-F87470901EF53D20"",""SERVICE-0086A5E2D48DD97E"",""SERVICE-5872A62793978F0F"",""SERVICE-0F6C1FFF5373E980""]"
"APP-1548","Application Delivery","High","PRD","[""SERVICE-0412F7F8B844785C"",""SERVICE-2C3C6592695FFCD2"",""SERVICE-BCC4FED21994A7C5"",""SERVICE-39CC4B97EB6FEE1E"",""SERVICE-287974EC11BD7F3F"",""SERVICE-467DE4F928E787D4"",""SERVICE-9B39EA4E84A67B3F"",""SERVICE-7128950CF2A5C04C"",""SERVICE-4E1CBB480FE1E39E"",""SERVICE-A4B7B8B81DF56A1B"",""SERVICE-209378FE6AD6F855"",""SERVICE-C3E1241D10DC0385"",""SERVICE-53B9BEB541CC708F"",""SERVICE-3C1D9CB654E688DC"",""SERVICE-50029A1124524801"",""SERVICE-D2F784345AF3D222"",""SERVICE-B3B917FF3205C96F"",""SERVICE-5435ADBA66BBC0AF"",""SERVICE-E4F6EC9212B13DA4"",""SERVICE-D131AEEF2D54C413"",""SERVICE-104D8AC2F94BB3C0"",""SERVICE-2F41B44B7030B109"",""SERVICE-6F497D3D05F42A59"",""SERVICE-4BB02F9EC66D1D5E"",""SERVICE-855264D43CCA9AA5"",""SERVICE-5389D3A8F134B977"",""SERVICE-D93FC099378DEF8D"",""SERVICE-CDD59882E20CF33E"",""SERVICE-EBF603E09DD2E282"",""SERVICE-19F87BAC3F498A2A"",""SERVICE-5310D0F45CDF383D"",""SERVICE-B218939A99F4D75F"",""SERVICE-1F52D2DDA633CAB6"",""SERVICE-B80C7071B052772C"",""SERVICE-E91B53B1EABDE1D7"",""SERVICE-A629E6E0E6C9C9B0"",""SERVICE-1F740459343F0EA6"",""SERVICE-202A815B06B1AD7B"",""SERVICE-05BE9518B28D29FD"",""SERVICE-BD268ADF26E892B8"",""SERVICE-3868BF399F059467"",""SERVICE-A56F20C9A719502C""]"
"APP-1577","Data Analytics Engineering","Low","PRD","[""SERVICE-33B98E4C4C6C3CDC"",""SERVICE-554FFD203757CB47"",""SERVICE-30D5605767AF883E"",""SERVICE-5144E6D4341FBF17"",""SERVICE-F12C7EBA2C2B9579"",""SERVICE-5B2FBB0B92D3DA70"",""SERVICE-DBABD265DF105385"",""SERVICE-B0217D9360F4B3A3"",""SERVICE-4B4D9299172E3B7C"",""SERVICE-6986349D15C154B5"",""SERVICE-BD806138630B413E"",""SERVICE-A904740789947160"",""SERVICE-3F3AF50C97417A6B"",""SERVICE-8DF5CE4CCBE268E2"",""SERVICE-741983C7941869B0"",""SERVICE-10F5CA0CB293278A"",""SERVICE-823004D79202B8FC"",""SERVICE-C40370EC3228522B"",""SERVICE-563663CCA471FD4C"",""SERVICE-93F3A45D849545A3"",""SERVICE-CC42066453D23F20"",""SERVICE-F308F4597674A59A"",""SERVICE-3AF3E3266BD31E47"",""SERVICE-937215B7479368B8"",""SERVICE-1BAFFAE8351A5EC5""]"
"APP-1677","Application Delivery","High","PRD","[""SERVICE-31B24DF3F297DB30"",""SERVICE-D26B0B5E26D04C0C"",""SERVICE-1730DC05427EBB8E"",""SERVICE-A1C2382A214A0D05"",""SERVICE-6E3B612F26FB5CD8"",""SERVICE-DB3D695E8A3BEE18"",""SERVICE-F4F51F382F723320"",""SERVICE-282FF3104A8E2601"",""SERVICE-21BFCC0BFFCCFD37"",""SERVICE-04B76AA4945E6C17"",""SERVICE-AF5241EE6B031AC0"",""SERVICE-2CD5B002F8E8DB3C"",""SERVICE-5B907A1697A7B933"",""SERVICE-FD23E44D3D421296"",""SERVICE-9B2F19323085DB85"",""SERVICE-4AE8143E66A52892"",""SERVICE-800628C255B8AB47"",""SERVICE-4425D65E481BCAAD"",""SERVICE-315D5F563850FF59"",""SERVICE-DEC3CFD2114A7249"",""SERVICE-B5F81042124C043C"",""SERVICE-0E5D3C6E6E70C65C"",""SERVICE-9EE10CE9F6894E4B"",""SERVICE-3A612060A112D044"",""SERVICE-EDF7E16B9524A569"",""SERVICE-65D5C61C3709884F"",""SERVICE-6C5D557A81A14E41"",""SERVICE-BE3BC76472EB9D43"",""SERVICE-9B89A79CC393C218"",""SERVICE-683ADA7B8B09A74E"",""SERVICE-31CC9F48B0B5E2F4"",""SERVICE-102F28BC3CAAD259"",""SERVICE-2C2658C7B104D14A"",""SERVICE-6D7E1BDA5284FC05"",""SERVICE-5582D755E0CDA6A0"",""SERVICE-E26343817D6785E3"",""SERVICE-28F31FE3C1806783"",""SERVICE-44AC616FDF31C889"",""SERVICE-B798D612B5145511"",""SERVICE-9113F8846DD23C30"",""SERVICE-18882DC9B4E478D6"",""SERVICE-3C00F3F5FF435238"",""SERVICE-527169DFB275EBF5"",""SERVICE-2F90FE4B69ABA2C4"",""SERVICE-333A9E755D578B5B"",""SERVICE-588ED1C210AC7AAD"",""SERVICE-45CFDFBCAFE1520D"",""SERVICE-583CC658902AAA3D"",""SERVICE-99021AC166F5F884"",""SERVICE-DE7396AA40765424"",""SERVICE-CE5CC4A028AD0E42"",""SERVICE-1839E38FD4EC5329"",""SERVICE-8AB8F6B18E273E79"",""SERVICE-C5925CBF31126404"",""SERVICE-7957E4AB55EAB6A9"",""SERVICE-2F1188C356D43612"",""SERVICE-D63F53BC9F4A5C90"",""SERVICE-0D664A04AD19CC02"",""SERVICE-7B17FA42DCCFB208"",""SERVICE-8CC89B6333D304D9"",""SERVICE-591727E88CC93E7D"",""SERVICE-284E9730DCFB0D83"",""SERVICE-162C86F97DAFD402"",""SERVICE-520DEFE0BB2F5F31"",""SERVICE-87358A647DE7C92C"",""SERVICE-98E07FB6C1A6E067"",""SERVICE-65AFCE0E10E5FDEA"",""SERVICE-46253660AF54E41E"",""SERVICE-CF9CA5915185BE63"",""SERVICE-7403490E9DB5EC4F"",""SERVICE-EFB05A2F28DBC91B"",""SERVICE-D72673EF3E559099"",""SERVICE-17B9A7915B8EAF02"",""SERVICE-84BB7E2AFE86ADCB"",""SERVICE-D5FD08A6791C01F5"",""SERVICE-ABA2EDC1AA2480BC"",""SERVICE-129FFE21CFA9A7F2"",""SERVICE-DBA924B81051A7DE"",""SERVICE-386A3428FD8B190F"",""SERVICE-287EB9DDF0DF2E60"",""SERVICE-68D4AA4745DE8CC7"",""SERVICE-D0EA6331900112BC"",""SERVICE-7B2519D60B901B81"",""SERVICE-CCAACB6EFD3E0AFB"",""SERVICE-6B3085DBFF5F7B01"",""SERVICE-E810203EA9BCD1A2""]"
"APP-1685","Application Delivery","Low","PRD","[""SERVICE-DC7E34E5ACFFE5FE""]"
"APP-2455","Application Delivery","High","PRD","[""SERVICE-6060DC7C84390FB0"",""SERVICE-FBBEAFB7EF5B1DCE"",""SERVICE-DDDBFA463993728D"",""SERVICE-EECD493B1E0C7E04""]"
"APP-2487","Application Delivery","High","PRD","[""SERVICE-7787C9420F844291"",""SERVICE-3B018B1874320A7F"",""SERVICE-5459EFECB8618E9D"",""SERVICE-FA71CAC2B279575F"",""SERVICE-AC6730047A74784C"",""SERVICE-9EFF8C0388FF2493"",""SERVICE-BF4F5855DD01AD7F"",""SERVICE-FD1208979EB9BBD9"",""SERVICE-0D456055993B642E"",""SERVICE-10E56E94DF453337"",""SERVICE-18A8C2182F5141C6"",""SERVICE-8FEB997F44552E4B"",""SERVICE-CE247BD19D26D4DB"",""SERVICE-F1754A12D16E946D"",""SERVICE-A8D14429276A9398"",""SERVICE-8396B6239B833EE4"",""SERVICE-4CE5ADC3D1AC6E13"",""SERVICE-7D003BE427877CB0"",""SERVICE-706F47CA8F55049A"",""SERVICE-905C2174D137E5DF"",""SERVICE-0C593545AA3D9CFB"",""SERVICE-0D40892F41F9465B"",""SERVICE-E2FA54B4CE750421"",""SERVICE-006F62711E81600F"",""SERVICE-48FBA62AAF7AAF14"",""SERVICE-EBB849AD2C47CE54"",""SERVICE-F6FA953CF2CBDF9E"",""SERVICE-909E6E6CF2EF4A0F"",""SERVICE-3936DC2C90992CE5"",""SERVICE-D2BBAB147CB38744"",""SERVICE-D16B35FD667C4614"",""SERVICE-D2C82313BA75315C"",""SERVICE-DA93E1AFF74A2909"",""SERVICE-2BBE1E146CAACC3E"",""SERVICE-243E12A494608CBF"",""SERVICE-8B0C1C53FF461F68"",""SERVICE-7417B07FF1B0C1BE"",""SERVICE-B9140888CA09EAC6"",""SERVICE-A0785E8F502BDEA0"",""SERVICE-38B83FC7FAC36DA5"",""SERVICE-5241131D8B950488"",""SERVICE-34BFDC353EAB7727"",""SERVICE-C2E44BF52A83E339"",""SERVICE-8B1EF3BD5F814DCD""]"
"APP-2641","Canada","High","PRD","[""SERVICE-165ED0D71939B092""]"
"APP-2685","Data Mgmt","High","PRD","[""SERVICE-2926DC95EAE0CF26"",""SERVICE-0D61882994F88E42"",""SERVICE-29ABB1E366F25FA9"",""SERVICE-E43DFFA1BB01C18A""]"
"APP-3982","null","null","PRD","[""SERVICE-A7672BFCF6DC8145"",""SERVICE-F905EBC39EED1537"",""SERVICE-6D32FC2BFD2EC9B5""]"
"APP-3991","Data Mgmt","High","PRD","[""SERVICE-04B4542DA1CDD364"",""SERVICE-86B802652DBAA8A3"",""SERVICE-B98A5D1D28F27DFB""]"
"APP-4034","Data Mgmt","High","PRD","[""SERVICE-39E93F4512C2AC97""]"
"APP-4120","Canada","High","PRD","[""SERVICE-B88E0E3D1386D3F3"",""SERVICE-9B18080713E77607"",""SERVICE-D6B556C0BDE78D37"",""SERVICE-244F869986FC7DB0"",""SERVICE-ACE5116713A0BF65"",""SERVICE-A839F014D09D0227"",""SERVICE-DC32A29E70EB7D88"",""SERVICE-35616048CAF48B5B"",""SERVICE-AB5AC945D8789A5B"",""SERVICE-8DEF70AF236C8613"",""SERVICE-A3E7AACB56531266"",""SERVICE-928B80059A84CCA7"",""SERVICE-9EC7557576409B1D"",""SERVICE-EDE2D0BB46D07B69"",""SERVICE-77579A53067DE2B8"",""SERVICE-2DE3D38D8CD69ACE"",""SERVICE-8021314178505339"",""SERVICE-7A0A993CB8547477"",""SERVICE-09565AF97A300435"",""SERVICE-44581505957BEAD6"",""SERVICE-1DD480DF1157265D"",""SERVICE-A95A4F5305D3A9EC""]"
"APP-4161","Data Analytics Engineering","High","PRD","[""SERVICE-7C903F9B3098E0CE"",""SERVICE-8E521A283A961DC4"",""SERVICE-05926BA6F1168C15"",""SERVICE-713CD4819012E746"",""SERVICE-FE79D5F4C7F6BB86"",""SERVICE-D32E42382F6230B5"",""SERVICE-063C66A875064F62"",""SERVICE-84F998D95C8E29BA"",""SERVICE-21406AC1445C1F62"",""SERVICE-CB93DE7BDDFABB70"",""SERVICE-E19404476E2A1D15"",""SERVICE-250AD1896213CF2D"",""SERVICE-69EA52A00E16EE5E"",""SERVICE-1EEF19F5D53C8E7D"",""SERVICE-CC53E5ACC3E5D74D"",""SERVICE-DCF84467A962DD71"",""SERVICE-4FED0E9AA5C783DA"",""SERVICE-4292769275104325"",""SERVICE-6169C1D0E0B98BEF"",""SERVICE-6A4F0015B521DB5C"",""SERVICE-EC0A1E951A540B87"",""SERVICE-87BA56FDD4336833"",""SERVICE-0822B9016DDFC82C"",""SERVICE-DD62D9BEF1B21E73"",""SERVICE-EFDAF7EB0D98DA31"",""SERVICE-1BE545FC99397424"",""SERVICE-25E041A207C053B4"",""SERVICE-6949CE4AF5BFF946"",""SERVICE-E52043E35269586B""]"
"APP-4463","Application Delivery","High","PRD","[""SERVICE-C880171DF1E4DBC5"",""SERVICE-6B0AD25ADFF55BB9"",""SERVICE-FCD456AD066EDDCD"",""SERVICE-C0293B6BCD4AD986"",""SERVICE-C884B352AEE18B0A"",""SERVICE-57D5E2E84F5E6C7C"",""SERVICE-C2BC0E0A90D2C426"",""SERVICE-58D51A6E87DD149F"",""SERVICE-7E6EAC351C1DF71C"",""SERVICE-7C4BF71C921F4829"",""SERVICE-BE4A05130E62CC5B"",""SERVICE-7A198F77840D04F1"",""SERVICE-D58A1B2C7FC03B01"",""SERVICE-BD9E9C7241EEBB3F"",""SERVICE-01A779177E411352"",""SERVICE-43B4CDEA8A475B38"",""SERVICE-3D32250C63B68279"",""SERVICE-EE5E23295F586E89"",""SERVICE-D8F86D72AD9561EF"",""SERVICE-EA47ABDB71E44169"",""SERVICE-5C65648B56DB1FAE"",""SERVICE-7D9B9C0F52B009FC"",""SERVICE-F8AF657A1F125835"",""SERVICE-1776659FEDEA4DBF"",""SERVICE-78E4CAE656F4596D"",""SERVICE-908CA89579683247"",""SERVICE-827649115740A653"",""SERVICE-9AC96DC47215F681"",""SERVICE-0C3B3CE01D648878"",""SERVICE-A91322CAAC9CEA6F"",""SERVICE-962F8076AAA6817F"",""SERVICE-23A7178C1BF94AA5"",""SERVICE-933EAC91B8358011"",""SERVICE-7D198EAB8C7659A2"",""SERVICE-00ADCFD8EBCF04AC"",""SERVICE-38DEF6DF895FA0E1"",""SERVICE-0F44D72B4272FB51"",""SERVICE-A792C8C13B6DF3B7"",""SERVICE-FA5800042087C099"",""SERVICE-5E60D0DCDE4EBB58"",""SERVICE-0215E0A7209F2D7C"",""SERVICE-E5EC5614082EFECA"",""SERVICE-81986EE08CEE8682"",""SERVICE-334D2948D9B06D7A"",""SERVICE-851F19DF95D147E7"",""SERVICE-C108BF14231C5395"",""SERVICE-44EF3FE0A5270EC4"",""SERVICE-65DA1E90B5123E92"",""SERVICE-DAD5CB238F46F78A"",""SERVICE-F72230EB0673B01C"",""SERVICE-B233664A7427E8FD"",""SERVICE-3C876FCFBF4FDEFC""]"
"APP-4982","Application Delivery","High","PRD","[""SERVICE-0AC6101E7705808C"",""SERVICE-48C2BFD1FEDE35DC"",""SERVICE-6107126A122F9570"",""SERVICE-8FFFA2F5931E2D94"",""SERVICE-A3D3F70C6ACB6C99"",""SERVICE-66B37D5893AA355B"",""SERVICE-2461ECC7AE9F12AE"",""SERVICE-B75E7D2FF649AB7A"",""SERVICE-B229BE138ED60C06"",""SERVICE-0BC71C8B719717D0"",""SERVICE-653E59F1B2EFB107"",""SERVICE-701C296902B30A3F"",""SERVICE-930DC1321E3F2221"",""SERVICE-E020F4AFDD1CA7A1"",""SERVICE-846E1A3C02776273"",""SERVICE-E9A1A9C4F8618FFB"",""SERVICE-26CCC80BABC91447"",""SERVICE-A27006AB52294101"",""SERVICE-19A8EB4F4E4CEDAA"",""SERVICE-DF6E3AD2525DE184"",""SERVICE-CEB059B4458E3840"",""SERVICE-C0696A1DA2AA30A0"",""SERVICE-753D7565594C09AB"",""SERVICE-0FC2055CAB70135F"",""SERVICE-5BD607E04894EF41"",""SERVICE-4E28730404B73307"",""SERVICE-696FEDF8267BB167"",""SERVICE-4BBA8A39D5080627"",""SERVICE-850BEB6C35074148"",""SERVICE-134AB27BF8C332CF"",""SERVICE-D89D979004C01900"",""SERVICE-29DA435710A192F2"",""SERVICE-EF9B401ADF46EAD1"",""SERVICE-42422C70939705E7"",""SERVICE-23C9FB41A9695B11"",""SERVICE-BF13DC9A7ECB4520"",""SERVICE-B81A65536B5E4D13"",""SERVICE-7D45ADCBEB2E6930"",""SERVICE-EFFF578C58F933BA"",""SERVICE-70C609A62B79E634"",""SERVICE-721A8BF0D96D9D4C"",""SERVICE-35218998357472D2"",""SERVICE-17F96289FBEABA96"",""SERVICE-61E46F01B75C9DD3"",""SERVICE-55F3358BE790BA90"",""SERVICE-7312D87D905AA63A"",""SERVICE-9EA62D0EAD8EC17B"",""SERVICE-7B0B1A9482D61DD3"",""SERVICE-6D15BEA7E5658B0F"",""SERVICE-BA5762C2F14DD653"",""SERVICE-C4B43441059EAACF"",""SERVICE-0D0170D0A15DEAEE"",""SERVICE-BAA57F06092AB310"",""SERVICE-A10F5AB460EAA742"",""SERVICE-E7090F5C60818F72"",""SERVICE-01797E4499775946"",""SERVICE-8008C974A3F01223"",""SERVICE-9E2C70BE57632825"",""SERVICE-375E1D764C0C37DC"",""SERVICE-A345DE31FA87F6E6"",""SERVICE-F9ABA600852D8211"",""SERVICE-B255564C6BE57F04"",""SERVICE-4049710ED8E0B9FC"",""SERVICE-DE0D4BD59463117E"",""SERVICE-0DA6632C7DA07356"",""SERVICE-CF0E384599CD9740"",""SERVICE-215EE7AB5D946331"",""SERVICE-9E8C5BE365AB9232"",""SERVICE-7E0B649DB47C9E41"",""SERVICE-772E4F2BC09B828A"",""SERVICE-6B054E27F1032970"",""SERVICE-94766992868ED9B0"",""SERVICE-F1F008BD28F662C1"",""SERVICE-4FC36EA8E9A695C2"",""SERVICE-DBE7A5001276DFAB"",""SERVICE-67F25E225741ACDB"",""SERVICE-BFFCAE273A9D13E4"",""SERVICE-09600D40C7C27991"",""SERVICE-D7D6060DC1DAAA95"",""SERVICE-99F4D1BDC1F77B23"",""SERVICE-154898AABA85AB25"",""SERVICE-FA33B6A6BC686BB8"",""SERVICE-B606AE8F31C3153B"",""SERVICE-E930C6927854D76F"",""SERVICE-B3094A8EAF9B5567"",""SERVICE-A29E3892AAA8133E"",""SERVICE-589171464D06A872"",""SERVICE-F8C6EFE90AB7DA12"",""SERVICE-331376C2D661FE1D"",""SERVICE-B639EDB4103BE79B"",""SERVICE-BA37E2A3E347F961"",""SERVICE-48372346EAB4045B"",""SERVICE-FD07A39F428D437A"",""SERVICE-3913EAED6B093982"",""SERVICE-0F8C1866B04E1920"",""SERVICE-17A63921E616CE07"",""SERVICE-7C42AF5D642ED203"",""SERVICE-76E46FB0D9851F52"",""SERVICE-D740084CEA2549E1"",""SERVICE-2A1BA66CD6410432"",""SERVICE-C1BA61B706D3C71B"",""SERVICE-8160490848CAD98D"",""SERVICE-E94C9DE0BC51C91F"",""SERVICE-2D27C4FA30F678A1"",""SERVICE-FF96E09BB3B9ECD0"",""SERVICE-6B68206E9726BC3B"",""SERVICE-722A123079050396"",""SERVICE-4C9FDBC63BC38E1A"",""SERVICE-D9AAD3BB580BB435"",""SERVICE-915C3EE0C01C291A"",""SERVICE-E5EEF8A8C46E33A5"",""SERVICE-23AD37CB51E580B2"",""SERVICE-348EFB9A3AD9F7BD"",""SERVICE-78C5AFCD5805C681"",""SERVICE-7D3C9ABBC31EC693"",""SERVICE-429929093B7F48C0"",""SERVICE-8C74CE58927BF28B"",""SERVICE-E2A10FA8AD1904F7"",""SERVICE-36930FAFC82B3596"",""SERVICE-D5C1A9E04448557B"",""SERVICE-39CA629E7F4A519B"",""SERVICE-041C2ACD66A1E461"",""SERVICE-6E853D55EEB5B0C5"",""SERVICE-690A4219BC0020A0"",""SERVICE-8C7EACFC471AE9E7"",""SERVICE-476EFBC2406AAAE2"",""SERVICE-28551538F114E0F2"",""SERVICE-CD4A1F6D843B5A9F"",""SERVICE-45499C49AB06B4BE"",""SERVICE-2F2DBE45355F87C9"",""SERVICE-1ABFEB2F37424FDC"",""SERVICE-FC886CC3D86527B7"",""SERVICE-5D9DBF2C8850E30C"",""SERVICE-60E1D4484AE23F50"",""SERVICE-CDA10815A771800B"",""SERVICE-6CD2FA71F0F86F15"",""SERVICE-19863C4CCF20E7A8"",""SERVICE-BBC60AD8A8876A1D"",""SERVICE-7C3B43776CCA8289"",""SERVICE-293F5221980E5099"",""SERVICE-DE33E8783F4A9B53"",""SERVICE-6631772E3662F500"",""SERVICE-B7DE0F48851D501F"",""SERVICE-F4AD1C50A060213B"",""SERVICE-584A63D1668536CF"",""SERVICE-F9FE01BA4B2120F8"",""SERVICE-AD6A4CD4542CF6D8""]"
"APP-4989","Adv Tech & Ent Sol","High","PRD","[""SERVICE-D5CBAA3428F63AC4"",""SERVICE-2C78FB47508BA85F"",""SERVICE-D727D818475BDE9B"",""SERVICE-F6D4A035EE2F7337"",""SERVICE-04F37420B2F490C1"",""SERVICE-C9A2F689C5ECC1ED"",""SERVICE-AB894DB65FA9BF12"",""SERVICE-47ADFE0B994AA1E5"",""SERVICE-1DDDA7516652BBD2"",""SERVICE-3CD488A019536201"",""SERVICE-318EE50282CED128"",""SERVICE-7E5AC840CDEDF22E"",""SERVICE-26417747C55F5D7B"",""SERVICE-0FFDEB873B72EBB1"",""SERVICE-07D4032B4E15276A"",""SERVICE-77284A52670DD404""]"
"APP-5002","Application Delivery","High","PRD","[""SERVICE-26D85C1D1AAD36B5""]"
"APP-5017","null","null","PRD","[""SERVICE-46E667F031C1E06B""]"
"APP-6189","Application Delivery","High","PRD","[""SERVICE-7B207E80B25A7E03"",""SERVICE-ABB21A5DCA5F60AA""]"
"APP-6245","Data Analytics Engineering","Low","PRD","[""SERVICE-0D568F11A2F1EE2B""]"
"APP-6409","Application Delivery","High","PRD","[""SERVICE-432B853B44410705"",""SERVICE-A4D14550B8854C1E"",""SERVICE-0BA45640F4634A53"",""SERVICE-453D77BE0E04713B"",""SERVICE-F5F90B349CF6E166"",""SERVICE-0CEDB2E00252F61B""]"
"APP-6557","Application Delivery","High","PRD","[""SERVICE-CB64169F6F9F6167"",""SERVICE-5B4B5BBFCD7D70B5"",""SERVICE-FEECCD5F3B2F765E"",""SERVICE-76C53844DC5644BE"",""SERVICE-9228BB112C1EB6AD"",""SERVICE-5BAED44C70DEF622"",""SERVICE-6A37794F89DE40F9"",""SERVICE-8224FDBFD30417D2"",""SERVICE-DAA5E4031A28BE0B"",""SERVICE-DDAEC14D5719213E"",""SERVICE-F370DA9BA51AA8FF"",""SERVICE-14A9A66A261CB79B"",""SERVICE-1A8C40A78F72EEBD"",""SERVICE-395C68C5FE9D74FC"",""SERVICE-00F0EDFE6E7BF9AF"",""SERVICE-FC2E74C56D9F6DE2"",""SERVICE-F52295394AF5AE74"",""SERVICE-F14FD25C86B00138"",""SERVICE-CCA5CFC7C8455F19"",""SERVICE-CE6F86525846599A"",""SERVICE-33AE2D3074CB9D2E"",""SERVICE-74CE429AAA54BA25"",""SERVICE-5ED92D8376F484CD"",""SERVICE-A1065250281A9B28""]"
"APP-6597","Application Delivery","High","PRD","[""SERVICE-6A2570A3C60B8C48""]"
"APP-6879","Adv Tech & Ent Sol","High","PRD","[""SERVICE-B47C3A0FBAE5983A"",""SERVICE-DD28AEA1CDE9E8E3"",""SERVICE-3347B390FC990E5A"",""SERVICE-E126C022D65FB1E2"",""SERVICE-1D85486582CF81B8"",""SERVICE-791E31B79183A448"",""SERVICE-055297D3B3F27C2A"",""SERVICE-AE7319E6D5583E01"",""SERVICE-98E9E89033EBA653"",""SERVICE-8613ED969FED113D"",""SERVICE-47794D561A16EF34"",""SERVICE-C66E6127248BC8D1"",""SERVICE-1A26593DD1830B4C"",""SERVICE-7B6252E3E69F495B"",""SERVICE-67A22687C8FDE894"",""SERVICE-43B46FD158B74F44"",""SERVICE-F79A1CA0CF932FDA"",""SERVICE-E9CA2795900053E4"",""SERVICE-16D08E5FB6D043FD"",""SERVICE-C1DEF4587E33A374"",""SERVICE-D95D8AE01CDAE6EE"",""SERVICE-9B548BF3E8AF0B0A"",""SERVICE-1E64F6116CDDE996"",""SERVICE-F4243B03D2A0D05D""]"
"APP-7026","Crop","High","PRD","[""SERVICE-8159EF1D94EBC7EF"",""SERVICE-046B97AAAD5FCBFD"",""SERVICE-4838686921BFD40B"",""SERVICE-8EAA2BF50315ABA4"",""SERVICE-79A99A31A1DF569E"",""SERVICE-5ACB3E4C2F7BB9BC"",""SERVICE-D6440EE8DB641146"",""SERVICE-C91BADAF3DAA44EE"",""SERVICE-B0F9D8B91F53590E"",""SERVICE-ED96D5881E7330F6"",""SERVICE-7382974CFEC455E5"",""SERVICE-392F8BA5FC62F1F7"",""SERVICE-47486425950427EE"",""SERVICE-F9099F48A955FAA3"",""SERVICE-E65BF2B529366D18"",""SERVICE-FFEAD9E32E185C15"",""SERVICE-A1CDBD5FCF7E7C40"",""SERVICE-0637B8E3BDB17388"",""SERVICE-1833254A48B00D70"",""SERVICE-9A7859D44F0B7CFF"",""SERVICE-5A611BFDD54D4530"",""SERVICE-B3FA137C988571B2"",""SERVICE-B383575512B0C094"",""SERVICE-C6F62D5AD0512A65"",""SERVICE-EBB270B3C0AFD167"",""SERVICE-86BF6FBDDB39E41C"",""SERVICE-0918F86EC8EB8F38"",""SERVICE-763E3D80CCD90DAD"",""SERVICE-8E08E0FC0C3B5763"",""SERVICE-27511351AEF811E2"",""SERVICE-F6598DD50F067C7D"",""SERVICE-43FD47C85616E1E4"",""SERVICE-592FCD07E085BCFE"",""SERVICE-856EB348FF2BE3EF"",""SERVICE-E0D47BDEA84478F4"",""SERVICE-3E928BE028C75A69"",""SERVICE-B35D80F69F311763"",""SERVICE-DF1C60CFE92B5172"",""SERVICE-E4E3F448FA3FFD82"",""SERVICE-F9035338571349BD"",""SERVICE-C637B06D1FAD345B"",""SERVICE-CDEEB5735673735D"",""SERVICE-4594B614CC640123"",""SERVICE-CA902651C7E87CC5"",""SERVICE-0F40E115F9BE8EA2"",""SERVICE-5105A3E49509C1A3"",""SERVICE-B387C6216BE443FE"",""SERVICE-49F782618E87FDA3"",""SERVICE-007133FAA9B625D5"",""SERVICE-D3466F93D44AF012"",""SERVICE-B60460F7E79E0EB1"",""SERVICE-BA2A9319357B4569"",""SERVICE-7DD34A2AD20D9C16"",""SERVICE-28102747E2237C43"",""SERVICE-C32F5ECEEA7A06EC"",""SERVICE-F5B0BF4838B56CAB"",""SERVICE-AF8E94D185D3CE33"",""SERVICE-70C746898DDA81A9"",""SERVICE-DBE358E8EDAD94BC"",""SERVICE-EBD432427662B454"",""SERVICE-FC54D736F71CE0C3"",""SERVICE-1E8AE0C21C60E680"",""SERVICE-9B2059C497EBF613"",""SERVICE-4A048BA916F87419"",""SERVICE-94A0B0F20958F0BA"",""SERVICE-6D14513CA0D12123"",""SERVICE-7D0D812048C4F6EE"",""SERVICE-D0352141FB13ACE1"",""SERVICE-76CAC7BC106E2C94"",""SERVICE-EC5ACB1E00A25B85"",""SERVICE-7A039D2ED18731B1"",""SERVICE-90E9901505788A82"",""SERVICE-4DA1ECDD5515B149"",""SERVICE-4E91595E80C369E7"",""SERVICE-3D9B6DB421DF4EA4"",""SERVICE-26ADD961EDFA5280"",""SERVICE-EAFFAD2E08F58831"",""SERVICE-E3B637C02BFEF8C6"",""SERVICE-449F87DB278F8DB2"",""SERVICE-5AEEF916E719459A"",""SERVICE-0246F07EB2412850"",""SERVICE-482C4FEE570EB1DD"",""SERVICE-68C4A373DDA5F088"",""SERVICE-CEE39E7CC372F5BB"",""SERVICE-0505C14E90DDB67A"",""SERVICE-22855484A1EADC05"",""SERVICE-A7D9ACAD33A41A9F"",""SERVICE-B93B7E18F0730D3E"",""SERVICE-EB72E40D3ED271FA"",""SERVICE-39EB8FF671621D2A"",""SERVICE-93354FCB65FADAF3"",""SERVICE-9928E2475B7A2A11"",""SERVICE-7257E108F711E707"",""SERVICE-CB9620E4A069AF8B"",""SERVICE-48D6F4848235129E"",""SERVICE-08DEF7792CBF1827"",""SERVICE-0FE7285374E9BEA6"",""SERVICE-D85C1608B9467D80"",""SERVICE-DBF887C8599B69A7"",""SERVICE-C565CCDDC25F9D6C"",""SERVICE-A5697E7F3FC90939"",""SERVICE-4E16C741771954D8"",""SERVICE-1D302E05A47FBA1B"",""SERVICE-F543D763A28376CE"",""SERVICE-C593098845F34564"",""SERVICE-0F149DCD3156E715"",""SERVICE-BE9365F8FB6FEAA6"",""SERVICE-28CBAC2A3DEC6C39"",""SERVICE-B82FED7A54BCE4A6"",""SERVICE-88CD8097FF85A0E7"",""SERVICE-F3A7CA09BF1A6365"",""SERVICE-C3C71AD117CB58D9"",""SERVICE-5A3E90339FED8224"",""SERVICE-97C4093B25B635A0"",""SERVICE-3E02292266DF5E13"",""SERVICE-B4301E15A703658F"",""SERVICE-3194F6872E9A4129"",""SERVICE-F977E33D29E4BC7B"",""SERVICE-FDF847233E95CC43"",""SERVICE-47B2C9E53DF15CEF"",""SERVICE-43785E1089B77A82"",""SERVICE-D9587650BA41FA5E"",""SERVICE-CACD944C0E183FAF"",""SERVICE-1BF1922AA0A1ABEE"",""SERVICE-BD326F6901B4DA4A"",""SERVICE-A35D2FE2861304BB"",""SERVICE-AB68DD5A78177C0E"",""SERVICE-1290B408D2B68508"",""SERVICE-5170E07AD689CDF6"",""SERVICE-174AAC877AB34FF8"",""SERVICE-623130DE8D27F6D0"",""SERVICE-C64A9ECA9FC7E5DA"",""SERVICE-07F09C774ED016F9"",""SERVICE-80F00363D11641D4"",""SERVICE-91AE945372D6657A"",""SERVICE-50BFB58C99789F48"",""SERVICE-7C893BA9B92A9518"",""SERVICE-FFA860DA5C063063"",""SERVICE-EDD4631F2AA44865"",""SERVICE-0BD388FBD4761B4C"",""SERVICE-F82F33E055C2B68A"",""SERVICE-D1BA75216DA44269""]"
"APP-7026, COM-8150","Crop","High","NP, PRD","[""SERVICE-DAF7DFBD31A3AE12""]"
"APP-7077","Adv Tech & Ent Sol","Low","PRD","[""SERVICE-EAE5A4252144267B"",""SERVICE-2395105A046C3B99""]"
"APP-7169","Canada","High","PRD","[""SERVICE-C3304C9601CB2CFD"",""SERVICE-8DE66D103C7E7838"",""SERVICE-E1E504A8D43B99BF""]"
"APP-7439","Application Delivery","High","PRD","[""SERVICE-68A6DB4F4CF868F4"",""SERVICE-7A7672180468BC06"",""SERVICE-4134A76FCAEABF03"",""SERVICE-63BE90C79985B83E"",""SERVICE-CDBE2D472925EBE5""]"
"APP-7469","Crop","Low","PRD","[""SERVICE-BA57E72640E22CDA"",""SERVICE-15B76745474C5CC4"",""SERVICE-D9038108C0E91B8C""]"
"APP-7483","Crop","High","PRD","[""SERVICE-830B00D34E1DC1D9"",""SERVICE-736D3192532C45CB"",""SERVICE-AFFC28E092913A62"",""SERVICE-B11BDCDD13ABA62E"",""SERVICE-F9412069E9D78A1B"",""SERVICE-2094451812D64890"",""SERVICE-5F1D53446DF10404"",""SERVICE-FFB14BF31D7FACF1"",""SERVICE-2AB8533186E75EBB"",""SERVICE-D0454808A80EE9FA"",""SERVICE-4E24F3274548955B"",""SERVICE-FBB3083E0E4557A7"",""SERVICE-CAA74518DA23E5B4"",""SERVICE-FB46C023E44734F4""]"
"APP-7604","Data Analytics Engineering","Low","PRD","[""SERVICE-1A3DA1E877FEBE51"",""SERVICE-B501ED50CC3F0ACE""]"
"APP-7765","Application Delivery","High","PRD","[""SERVICE-AB247B7286D53B1C"",""SERVICE-27B0DAC3A994856A"",""SERVICE-251BF6DAA97554C6"",""SERVICE-806B9CC12DCEDEA5"",""SERVICE-A2B5F11B81464533"",""SERVICE-30BB89F77AB06B7C"",""SERVICE-C88C654A8BF8DF68"",""SERVICE-E00BAE53C800EF38"",""SERVICE-8F61EB589F3D62A6"",""SERVICE-21C14417C4190428"",""SERVICE-A234950B8B37E6F2"",""SERVICE-04B3110EDC1075A0"",""SERVICE-3E2007288EC0AAC0"",""SERVICE-892ACA477F0985B0"",""SERVICE-561DBB4E959967EA"",""SERVICE-F4DF69508F87EACA"",""SERVICE-8CD4BF2CECD18140"",""SERVICE-AB828CB26B28D2C8"",""SERVICE-28143883BE00B51D"",""SERVICE-75ECC3DE7EA9D9A7"",""SERVICE-D281EEA1491C44F5"",""SERVICE-0B2EB1593CE55F99"",""SERVICE-06E3A15682F35D6C"",""SERVICE-A438F44F6B9662D8"",""SERVICE-8A6DDBEB24008D5E"",""SERVICE-A708820AF8DF06B4"",""SERVICE-8EB1F3ED04B74BDE"",""SERVICE-70713468F31774B6"",""SERVICE-7F43FA569A414736"",""SERVICE-611E2060B7CAFA7B"",""SERVICE-AA2E705739F8268E"",""SERVICE-E0467C9CA9CC91A3"",""SERVICE-B558A22C5B3873C1"",""SERVICE-940C53E30FC8CDCC"",""SERVICE-DB3D99CAD7D08B8A"",""SERVICE-37D6345C013EE3D0"",""SERVICE-54C01E0A9467B866"",""SERVICE-993A6025D831063A"",""SERVICE-5A97906B71D86283"",""SERVICE-4849A45575331845"",""SERVICE-20ADF4986676D2D5"",""SERVICE-CBCF6936D4FF524C"",""SERVICE-D36A91D3A69F8414"",""SERVICE-8EF41EFE75D528A6"",""SERVICE-CB7684FB99B71962"",""SERVICE-CC919D1D3FC7420B"",""SERVICE-E3E0C5596454973F"",""SERVICE-433CBD9EC3B3F601"",""SERVICE-0238170DEC28BF0A"",""SERVICE-AA3639457A6AC7E6"",""SERVICE-F1A26E16B7D3BF0E"",""SERVICE-71E150E513E5C102"",""SERVICE-635CE7130246763D"",""SERVICE-34DB46F5EC0E3F36"",""SERVICE-A106823F9B62DA1C"",""SERVICE-17BE91B0E4880E30"",""SERVICE-F697CEADE1B6D285""]"
"APP-7766","Application Delivery","Low","PRD","[""SERVICE-57B0882DBAEE2224""]"
"APP-7767","Application Delivery","Low","PRD","[""SERVICE-CD157DA05020EF77"",""SERVICE-AF13428A0547409B"",""SERVICE-9484A1DF74CF7C45"",""SERVICE-1EA6388CB58A42ED"",""SERVICE-4C5D0C1B69E570D2"",""SERVICE-D0CCF3A097028D90"",""SERVICE-FA308D8D443A6B68"",""SERVICE-023993CB908A63B9"",""SERVICE-9126923054440C24"",""SERVICE-5FCA430EE2E2031F"",""SERVICE-704FFB26948F71FA"",""SERVICE-B4A726106A023E01"",""SERVICE-0E6615A23A1FD7D4"",""SERVICE-AA68E64279770544"",""SERVICE-282E50064E313DFA""]"
"APP-7776","Application Delivery","High","PRD","[""SERVICE-B82C63655967F760"",""SERVICE-E630DE18F12B3D53"",""SERVICE-875E8AFB691CD6A6"",""SERVICE-7C884EC9AB948D1B"",""SERVICE-158403E1824571F2"",""SERVICE-8A5A8BA4C3865E6B"",""SERVICE-6E6B59E1962ABEF3"",""SERVICE-CE9FA16C513E8616"",""SERVICE-C2CD55DAA32334C2"",""SERVICE-593EA219AD4589C6"",""SERVICE-E2E07F8083B8DEF3"",""SERVICE-CB2F3AEF13E587FE"",""SERVICE-39BB4A140BE43213"",""SERVICE-B9E0A17B1A7D66E5"",""SERVICE-449D8E7C5B8C1712"",""SERVICE-9EAD4C36EB4E13CE"",""SERVICE-E31B706A714E6E17"",""SERVICE-F15134C187B66908"",""SERVICE-D28980A3DD38E552"",""SERVICE-05B5C870FD5A3344"",""SERVICE-110E1C847E1BD89D""]"
"APP-7826","Data Mgmt","Low","PRD","[""SERVICE-390AD42780626434"",""SERVICE-F3E4EA6A20A72710"",""SERVICE-4424A4CBF04EE8ED"",""SERVICE-FEBD43FBDFEEEA35"",""SERVICE-DBB48690616253FC"",""SERVICE-2BD9DC7893A548E1"",""SERVICE-19DC6C00C3FEBFAB"",""SERVICE-6C235A4B549263AD""]"
"APP-8697","Adv Tech & Ent Sol","Low","PRD","[""SERVICE-E20C9D4C06D8256F"",""SERVICE-DD689D7A11569D82"",""SERVICE-9F191A1C80D02B94"",""SERVICE-7380BB6582E93DA3"",""SERVICE-AFA2B1602D80059F"",""SERVICE-2E3F46007EC29698"",""SERVICE-FCE7CFBCF48CB656"",""SERVICE-64C42731EE2CBE0F"",""SERVICE-E89A2A1DF78D8A98"",""SERVICE-D20EDF7EB18CF50C"",""SERVICE-C3954F9F76B46F58"",""SERVICE-8CA368AB5E0E5655""]"
"APP-8781","Application Delivery","High","PRD","[""SERVICE-022F5E9E8D4A7F4E"",""SERVICE-478FF8622C82C72B"",""SERVICE-CDDC2D7C621955FD"",""SERVICE-3D00A69656F93E7A"",""SERVICE-368A545E93B40906"",""SERVICE-48DE4F612C1ED025"",""SERVICE-F8FCE81F27F38BE6"",""SERVICE-5A54A16297B0B244"",""SERVICE-56DE5453C57CD647""]"
"APP-8941","Application Delivery","Low","PRD","[""SERVICE-A7E51485BCB00606"",""SERVICE-1FB73F8B6CB2B8E4"",""SERVICE-043C06AAB88CA8C4"",""SERVICE-88F964579D1D54BE"",""SERVICE-EB07C7F622187178"",""SERVICE-6A4192D3A7908401"",""SERVICE-DC1EFB331A2A4621"",""SERVICE-D8D0C06ACD31392E"",""SERVICE-6CBA5E8532F4DCB1"",""SERVICE-533E9F324297E9DC"",""SERVICE-38561FD26ED1684A"",""SERVICE-46B81640E099DEF3"",""SERVICE-3E7D381463B984F4"",""SERVICE-8B681D28762CE10B"",""SERVICE-1D273C124FE8643D"",""SERVICE-D2BC1409AD580F5C"",""SERVICE-E3B5DB12C169D6AE"",""SERVICE-3D8C960C5EAB047B"",""SERVICE-0E05C33C09EC0DFF"",""SERVICE-EB9D8204B03B9BEE""]"
"APP-946","Application Delivery","High","PRD","[""SERVICE-2EFEE7ABD5C14954"",""SERVICE-80325E9C93887A42"",""SERVICE-1D8D4C5C17988D8B"",""SERVICE-954461FEE0C29907""]"
"APP-9605","Application Delivery","Low","PRD","[""SERVICE-98F3147709A1D7C3"",""SERVICE-E019B432D139D3CA"",""SERVICE-58F25EF07F319CAF"",""SERVICE-08CB7DC547EE6523"",""SERVICE-BC13E1BA3B945C38"",""SERVICE-E3DA2BF598BD82D0"",""SERVICE-B5E6E7C4D7C806CC"",""SERVICE-87B3D7A517168261"",""SERVICE-3354C70333BD0260"",""SERVICE-E6C01F35251A5C8B"",""SERVICE-79F3BA14B91D9D87"",""SERVICE-8B05693000DA3B7D"",""SERVICE-23486CF544FD6933"",""SERVICE-3F818C57C1FD778B"",""SERVICE-CBFC836988CB4485"",""SERVICE-5D3FF769C88BD71B"",""SERVICE-6EF44EC14D5563C3"",""SERVICE-9932FD25C96962BC"",""SERVICE-5DBD8FC93AB2636C"",""SERVICE-3F7ADD168B19E375""]"
"APP-9617","Canada","Low","PRD","[""SERVICE-38A8357DA8A39159"",""SERVICE-9C24920EA7869E54"",""SERVICE-BFAD81E843E9AF7E"",""SERVICE-203293DF52E5BEC9"",""SERVICE-958A1EB74223AEA1"",""SERVICE-DCA261AD58D602ED"",""SERVICE-30F77FADC0C9EE34"",""SERVICE-C95F0A84A78DBB36"",""SERVICE-7B244535355F94D6"",""SERVICE-98C440F28C0BBABD"",""SERVICE-EA5EDA6C21D3CB8D"",""SERVICE-1ED4AD112E9715A6"",""SERVICE-5EBF9ED67A85F11F"",""SERVICE-063BE28FE41EA9D2"",""SERVICE-8F894BF220B3636E"",""SERVICE-45019DE161E3F676""]"
"APP-9705","Canada","High","PRD","[""SERVICE-02B83842F2273FE9"",""SERVICE-8020FD2D61EF5B8C""]"
"APP-9711","Application Delivery","High","PRD","[""SERVICE-921139C3B7CE2E2D"",""SERVICE-CF0DB2BD379EFEE7"",""SERVICE-AF79C2AE71DE0F53"",""SERVICE-754FCFC9233EEAA7"",""SERVICE-66B91F63A71F0675"",""SERVICE-EB24B675EC2363FF"",""SERVICE-87F74791EEB807BA"",""SERVICE-DE79EDF8281E8E0B"",""SERVICE-F7AE746E9747EFCB"",""SERVICE-83A848DCF0CEC384"",""SERVICE-E0764FB75C620557"",""SERVICE-E12F04452FB7324B"",""SERVICE-5163575C3DFF8249"",""SERVICE-59ED9CDEEDF632E4"",""SERVICE-2BA8276667669108"",""SERVICE-F5411ED494229A3D"",""SERVICE-8072E783F5EB504F"",""SERVICE-871C713D08521C37"",""SERVICE-21C3F674C37B5121"",""SERVICE-25F8C115B59D7D86"",""SERVICE-E9427CB1A5AC1652"",""SERVICE-91D22BAA5558E079"",""SERVICE-474B0B4B4FEB0CBA"",""SERVICE-8E006BBAC92E04FE"",""SERVICE-F4B110441E40771A""]"
"COM-2358","Application Delivery","High","PRD","[""SERVICE-DB25E691402A28D8"",""SERVICE-F2637E4F1A76A589"",""SERVICE-4BAEDA28C7CB5AA1"",""SERVICE-2F9BDFBEEB552772"",""SERVICE-AB983E20E747FEBE"",""SERVICE-9CD30F37BF22BBCC"",""SERVICE-2A820B4261A917EA"",""SERVICE-63E8FE77F97555E5"",""SERVICE-85DF753DED610BB7"",""SERVICE-EE2A6B3E09A81DBE"",""SERVICE-6136A4E5C34E9E38"",""SERVICE-B99DF41CEAD35C7B"",""SERVICE-E9AD35142EDAE1C8"",""SERVICE-F46901B5E0B6C70C"",""SERVICE-7D75C3149490F724"",""SERVICE-5A419DB7FEA97D0B"",""SERVICE-F94CE99E6F4046EB"",""SERVICE-50C3738B9AD3E7E0"",""SERVICE-8A96788387992146"",""SERVICE-287B1ED9CD307F28"",""SERVICE-24696F48F093A18A"",""SERVICE-E91B5A4E3F7D214E"",""SERVICE-A6EF5201FAA0F36D"",""SERVICE-4001A233587D7DFC"",""SERVICE-D02D137BF9ABE34D"",""SERVICE-7D13A02076851264"",""SERVICE-DAFBFE024EF8AAB9"",""SERVICE-6E1B696F0165475D"",""SERVICE-AEBDBD52DDC964B6"",""SERVICE-80921869DEB8A3FE"",""SERVICE-4009444AE68E807D"",""SERVICE-1E9E83014D0E1BAF"",""SERVICE-A62883176ACF0C09"",""SERVICE-6F19F92086252898"",""SERVICE-30EB447206C79099"",""SERVICE-6F74A3DF8DB6CB5A"",""SERVICE-753AAFF9AE9C595F"",""SERVICE-15DB6DC3696E946B"",""SERVICE-EFB7F90FC9817473"",""SERVICE-FC9A218E259CDBFA"",""SERVICE-7E23E396AF962195"",""SERVICE-D2F18465A6DADA3B""]"
"COM-2432","Adv Tech & Ent Sol","Low","PRD","[""SERVICE-1AFCE6300EA101D2"",""SERVICE-B96CB8785B456E73"",""SERVICE-EE196C46BB082B2E"",""SERVICE-42EC287FAD8DA97F"",""SERVICE-B91DEF39BF3217A8"",""SERVICE-BE3A71BF2EF7170F"",""SERVICE-2A18A08ACD78D890"",""SERVICE-9B4465F41B42DC2B"",""SERVICE-FCFB20F87223FBB4"",""SERVICE-C9A556F9CEB76503"",""SERVICE-C2BD1B45CE7EEC88"",""SERVICE-A68591835735FA7E"",""SERVICE-84585F22B5CA32B5"",""SERVICE-66FC12D0F480C350"",""SERVICE-81D3210EC55DFA73"",""SERVICE-163A33B930ED4D4E"",""SERVICE-0F21C9CB00BA9BDC"",""SERVICE-38E11941A8CB2E73"",""SERVICE-2038F710D799838D"",""SERVICE-4163E3611DAF7C73"",""SERVICE-FCECF5D18237E904"",""SERVICE-BA54DAAD6F6E0526"",""SERVICE-93E6A90CB17DA2E8"",""SERVICE-D4EE7070B3DAE0D6"",""SERVICE-3C3C5F9B6FD1E352"",""SERVICE-CAC4FC8C26789612"",""SERVICE-70DFA759B4944CF5"",""SERVICE-D2417A2EE9A4E0BC"",""SERVICE-8F8C1E0A3407A617""]"
"COM-2773","Adv Tech & Ent Sol","High","PRD","[""SERVICE-B4A48F972734A632"",""SERVICE-98E317F4EC85B86F"",""SERVICE-6AF68B57FC439B9D"",""SERVICE-717868613E125B34"",""SERVICE-73BFE81A0D4829C5"",""SERVICE-42C5BECB1E188260"",""SERVICE-49F55463549CAA40"",""SERVICE-E294C5D85925110C"",""SERVICE-F5D73DB6FF2CF4D7"",""SERVICE-0174C62EAFBE6273""]"
"COM-3651","IT Infrastructure & Operations","Low","PRD","[""SERVICE-7087C3C8A3CC488B""]"
"COM-3656","Crop","High","PRD","[""SERVICE-C7331A2C5BBFDDD1"",""SERVICE-C7F1E52E4E0A7108"",""SERVICE-8EF24162508D6770"",""SERVICE-7B260C6D3858CDB0"",""SERVICE-287A6DEF6953A1B4""]"
"COM-4716","Application Delivery","Low","PRD","[""SERVICE-424A7636A6D04ED0"",""SERVICE-6A8E6DBFAFB8DE20"",""SERVICE-941DA13F1E71B6DF"",""SERVICE-3ECBD4B092B7617C"",""SERVICE-F4576183486943FD"",""SERVICE-1B9A03F5A1419696"",""SERVICE-9BBC1723A667C2CB""]"
"COM-4812","IT Infrastructure & Operations","High","PRD","[""SERVICE-94E93AE5C86BF505"",""SERVICE-5E29E4E61435F83D"",""SERVICE-B173655A9F057837"",""SERVICE-AAC60206EF32553A"",""SERVICE-0BB095938495E9DD"",""SERVICE-6F26ADA778F30956"",""SERVICE-CEA5FE36C055C30B"",""SERVICE-AB6608CF8CB3FB7F"",""SERVICE-00F1D3F23AC442E0"",""SERVICE-950B7425D56F150C"",""SERVICE-67130AC45E0482F0"",""SERVICE-EF89684D4526D0E8"",""SERVICE-508C59949F4D486A"",""SERVICE-602376C5AD63BD2F"",""SERVICE-8BC5DD47FB692751"",""SERVICE-E2A33471EE9A998A"",""SERVICE-6D59DC123EA722A5"",""SERVICE-C71EC2CDF06B8030"",""SERVICE-ACCCFD26BDFC469E"",""SERVICE-A2FE537B2ECD5BE6"",""SERVICE-DE4C075F28A72583"",""SERVICE-028B14719C1BC355""]"
"COM-4995","Application Delivery","Low","PRD","[""SERVICE-0E4818B748E52397"",""SERVICE-5531952610CB0E01"",""SERVICE-922D0D5A9D571CBB"",""SERVICE-20B5297858AE907E"",""SERVICE-EFD27382BBC12E47""]"
"COM-5040","IT Infrastructure & Operations","Low","PRD","[""SERVICE-3FBF9C6C9AB58E91""]"
"COM-5043","Data Analytics Engineering","High","PRD","[""SERVICE-566DAD5108E22AF5""]"
"COM-5106","Application Delivery","Low","PRD","[""SERVICE-75667C4F0B460C42"",""SERVICE-C497C60A37383B95""]"
"COM-5372","Adv Tech & Ent Sol","Low","PRD","[""SERVICE-59C6D5D2183C4066"",""SERVICE-1680AA036DFD3BA0"",""SERVICE-60E68650864A8232"",""SERVICE-7F6A1700D4A67132""]"
"COM-5670","IT Infrastructure & Operations","Low","PRD","[""SERVICE-5EF8C8B5AC4CED89"",""SERVICE-1D43884DFF549D7B"",""SERVICE-03976155821EF85D"",""SERVICE-689AE736A37D258B"",""SERVICE-C32AD62448FE09FA"",""SERVICE-80B48CE05F4E464B"",""SERVICE-51D5590ABEE1A231"",""SERVICE-03A3A0691D558785"",""SERVICE-D9474E0D7B8C1543"",""SERVICE-EC0A5976F37D1142"",""SERVICE-94D72F2EAD17C529"",""SERVICE-908F851FBF76B432"",""SERVICE-2BDF0242B3323CCB"",""SERVICE-EDDEEAFE01D366F3"",""SERVICE-EDAA376C213BDEA9"",""SERVICE-FA82A0BF4556378E"",""SERVICE-0BCCC05500146818"",""SERVICE-AA600D05DE1213AB""]"
"COM-5893","Crop","Low","PRD","[""SERVICE-34218209CDC45432"",""SERVICE-3765F1AC7A655231"",""SERVICE-E345AB5430F80967""]"
"COM-5899","Crop","Low","PRD","[""SERVICE-CB8F9C6BC79DBEDD"",""SERVICE-75136E191779F4B4"",""SERVICE-9A15385005753662"",""SERVICE-6B1E87001B546AFC"",""SERVICE-EAE72642C70872AA"",""SERVICE-865E332502B98FE4"",""SERVICE-37B190C3E39F4815"",""SERVICE-5533EFA4FB636024"",""SERVICE-8914BB7D3A43C8B0"",""SERVICE-45AE94BDCFC5A533""]"
"COM-5901","Crop","Low","PRD","[""SERVICE-126E74BB5F186B7D"",""SERVICE-DCB77FD6050F30FA"",""SERVICE-DF37806445712BEC"",""SERVICE-905FA351422F209D"",""SERVICE-52970BE6E86DC6D8"",""SERVICE-1796ED718A747F51"",""SERVICE-3F8EE36476B1DD57"",""SERVICE-008E327209F0B2EC"",""SERVICE-8E1482F177F99289"",""SERVICE-A2161CE94A9C4358"",""SERVICE-4DADEA05BB0F8CE8"",""SERVICE-A7C2081D6B6714E7"",""SERVICE-BEBC457879F6F0AF"",""SERVICE-97954BBD2FFA7AE7"",""SERVICE-EA1DB9385AF43097"",""SERVICE-11A4759D0D2E7DD8"",""SERVICE-F22FB6E3E3971BEE"",""SERVICE-3C453CDD6E7DB107"",""SERVICE-155821E0F58DDA94"",""SERVICE-29163B1683C8EC00"",""SERVICE-C5EBAC0C37E0E2C4"",""SERVICE-6DBFC596E35D5FCD"",""SERVICE-E168E888957B1911"",""SERVICE-C5E07AE6175631B8"",""SERVICE-7E65AA40182035AF"",""SERVICE-78500B9295B53259"",""SERVICE-01C41573D1021BE6"",""SERVICE-1DF0E381B28716FB"",""SERVICE-C3CFA73C339BD7CA"",""SERVICE-C32A4232BC8EC662"",""SERVICE-987522384FE26E3C"",""SERVICE-A0A9B2352E34E6DE"",""SERVICE-0303DDBCA722230B"",""SERVICE-9ADF455982D33E39"",""SERVICE-D377722EFB45997E"",""SERVICE-B16CEEB9BAA240E5"",""SERVICE-F2A23CE44242486D"",""SERVICE-06C91DECBDCF43D0"",""SERVICE-DAF9BDA8A0836606"",""SERVICE-33F9A214AC664294"",""SERVICE-DBF28492225BD948"",""SERVICE-0593D13FE978239D"",""SERVICE-DDFC3FDF9E00DC4E"",""SERVICE-FB08872BCA20FF59"",""SERVICE-4B9294F765011911"",""SERVICE-85B0DFE6483BD211"",""SERVICE-07CF1183E924DDF7"",""SERVICE-B8D08CBEAA4051CA"",""SERVICE-6C3B9C0E446639A0"",""SERVICE-CDEC832B4912D295"",""SERVICE-CA6CED4407B5A71A"",""SERVICE-F18E1B964D034F9D"",""SERVICE-8C6EA137A9F60C08"",""SERVICE-DF88086775B841C0"",""SERVICE-98A9508D2E63CD63"",""SERVICE-F9B77B16F28B11F2"",""SERVICE-7BD1E7FD7B50C854"",""SERVICE-A8FA8AA7B6899CFE"",""SERVICE-B0D26C59BEEB4AFA"",""SERVICE-4E801D92FE1E3D52"",""SERVICE-EA545A8BC0D8DDED"",""SERVICE-9C18EEFC51808B13"",""SERVICE-4082994A3992E0EC""]"
"COM-5904","Crop","Low","PRD","[""SERVICE-153289E023C1CC11"",""SERVICE-F072EFD040E1A672"",""SERVICE-9F43D8E35A79ED54"",""SERVICE-ABAF71C503752274"",""SERVICE-B1B3D4FBF1428F6E"",""SERVICE-1CAD5975448EBC1F"",""SERVICE-16DED1D6FF36C7E7"",""SERVICE-29F1B2D54FEA1251"",""SERVICE-87EB9ED8764590EF"",""SERVICE-A64FC2C4040FFD92"",""SERVICE-0D4048C75BE67164"",""SERVICE-A72271E9AD72E2D2"",""SERVICE-B9215C562C958152""]"
"COM-6102","Data Analytics Engineering","Low","PRD","[""SERVICE-C7D385E86446113B"",""SERVICE-3034CCEA622E6F48"",""SERVICE-BBB0248D11AED8C5"",""SERVICE-33845A453C5E85CE"",""SERVICE-A641656B5CC46910"",""SERVICE-6E66E4F44332B840"",""SERVICE-8013CFF2EB576CF5"",""SERVICE-30E145A19E0B1AAD"",""SERVICE-FFDE81A9A7677057"",""SERVICE-9DC8003AAB5164B8"",""SERVICE-0A405B11711934C4"",""SERVICE-F9DFABA1D29D7DF3"",""SERVICE-4E2169A13F2CC415"",""SERVICE-4DB843D1ADE5E1B7"",""SERVICE-214FC78033939164"",""SERVICE-E5D16F4C9FB3500A"",""SERVICE-B41C1D2020D9E4F5"",""SERVICE-706E31DB45AF8260"",""SERVICE-DF2BCB9781793543"",""SERVICE-1ACD5A8839ED1274"",""SERVICE-F29EDDCD6F2405E9"",""SERVICE-9C52C7737BAC16F3"",""SERVICE-7A3501F5045F98D7"",""SERVICE-E759E249812C4C6F"",""SERVICE-79865EB9E513CA4D"",""SERVICE-4DA0BD9FC2D1F8EE"",""SERVICE-039E043D12A1A422"",""SERVICE-047DBD9E50B54308""]"
"COM-6105","Adv Tech & Ent Sol","Low","PRD","[""SERVICE-ACF8C5C25E6E86A8"",""SERVICE-7FEB3B1E12058791"",""SERVICE-B86324DFCEB4616E"",""SERVICE-0E890EFFA3D71324"",""SERVICE-7F68B196A456943D"",""SERVICE-D07AE6FD16804653"",""SERVICE-1DAFE6490D248990"",""SERVICE-4F96462AF1BB6383"",""SERVICE-6F8AD8F74B11442D"",""SERVICE-A465A279DE00FFCE"",""SERVICE-BC5D9E0F19E217D3"",""SERVICE-6D43AE24B24C10EE"",""SERVICE-1528ADB683599EEA"",""SERVICE-E6F0FC08E1F2F8D6"",""SERVICE-47642212BB72B55E"",""SERVICE-699C5EBD15F18964"",""SERVICE-1C06C282F5FA8464"",""SERVICE-7F0F4935616FD105"",""SERVICE-AB79F48451192750"",""SERVICE-23D9BE9AB44CE175"",""SERVICE-E0838147B9BE975B"",""SERVICE-8F8EA74F229AC1E1""]"
"COM-6358","IT Infrastructure & Operations","Low","PRD","[""SERVICE-D9D9955C2FFE1002"",""SERVICE-D1F7759166030703"",""SERVICE-E67539E5F9619EB2"",""SERVICE-335CA3FF4EA787FD"",""SERVICE-1BEDCC13ECD6E021"",""SERVICE-4294F3BE00E85704"",""SERVICE-949EBEDE9E6892AC"",""SERVICE-3E341BF635D5FE7C"",""SERVICE-EB05B339F9524C79""]"
"COM-6359","IT Infrastructure & Operations","Low","PRD","[""SERVICE-DB5F55023F0FE2F2"",""SERVICE-34EFAAE8019AA065"",""SERVICE-A84F035E283F9611"",""SERVICE-B4897EEE52BF46A0"",""SERVICE-98B0FA4786D73436"",""SERVICE-33F79A560491FE23"",""SERVICE-9F10E72C5E359DB0"",""SERVICE-851D8EEA521F6A36"",""SERVICE-BD904D262793DD62"",""SERVICE-B7B29890A68C713A"",""SERVICE-1456CFE93C8D1C11"",""SERVICE-1B93A7356B1F8B75"",""SERVICE-FC6F9E122D253301"",""SERVICE-B558081F578B55A8"",""SERVICE-5F45B3AF848C9645"",""SERVICE-9FC3DB73FD6F47A1"",""SERVICE-B4A9EB4017FDA939"",""SERVICE-A50770849C7C57FD"",""SERVICE-1FDA71CDBF0950AB"",""SERVICE-5306679093E32501"",""SERVICE-2315AE5771165F11"",""SERVICE-B9EB15148B1A2350"",""SERVICE-8A6CD62C525B2A7B"",""SERVICE-4601C18493CA7A90"",""SERVICE-D066212B53BF8410"",""SERVICE-2BF541446774B01D"",""SERVICE-97790687D7022125"",""SERVICE-CB8F626AAE2306A3"",""SERVICE-0DC94B70E29EC582"",""SERVICE-28AC5668A4BC7AF3"",""SERVICE-5437C17EEC3C20D5"",""SERVICE-AFEDFDCC81B711CE"",""SERVICE-CDEAF9D36732B6AF"",""SERVICE-8885828AD6BB5E22"",""SERVICE-B4FCB778F4B5DD98"",""SERVICE-09CF56E66CB6F300"",""SERVICE-D5B9A66E70D50901"",""SERVICE-60088436B1075FF3"",""SERVICE-3DB44DA084893995"",""SERVICE-8C5716754BC5E75D"",""SERVICE-4668588591C0383B"",""SERVICE-CB5856A31FD5970C"",""SERVICE-894B7277C401D86C"",""SERVICE-D8576837C1CD910D"",""SERVICE-166F619EBDBC0BE5"",""SERVICE-A6CC1037B91CA635"",""SERVICE-282CAB95182C4B48"",""SERVICE-622EF599F34797C4"",""SERVICE-BB0A9CE773B21585"",""SERVICE-6F3D7710B8360BEA"",""SERVICE-D1083B55594291DA"",""SERVICE-B1CA94BBF8F35D0B""]"
"COM-6458","Application Delivery","Low","PRD","[""SERVICE-FAE93A575CA7A97C"",""SERVICE-6B96B57D7257A62F"",""SERVICE-53D5EF861811453A""]"
"COM-6459","Application Delivery","Low","PRD","[""SERVICE-50FB1E02299998AA"",""SERVICE-40A5712E3FF048CD"",""SERVICE-7E23676A3083008A""]"
"COM-6934","Application Delivery","Low","PRD","[""SERVICE-46B90990398D06DD"",""SERVICE-2ADA91C1F360C3CD"",""SERVICE-ED0036C08B6FB700"",""SERVICE-ADDC6B31BD3E47D4"",""SERVICE-72E207575AE4509E"",""SERVICE-A8F9A5017DEBA940"",""SERVICE-2DA96B58CAAD42C9"",""SERVICE-8F0D38B0C9E772E9"",""SERVICE-D03582805A250EED"",""SERVICE-8D49006AE036CD74"",""SERVICE-74CFBD351A8AF766"",""SERVICE-2AF25F913AEBA279"",""SERVICE-77109C82922A704F"",""SERVICE-46E75A7C1133A65E""]"
"COM-6935","Application Delivery","Low","PRD","[""SERVICE-16B69847141061A2"",""SERVICE-EF58742FF0C71E7B""]"
"COM-8150","Crop","Low","PRD","[""SERVICE-19F042034B8F87B5"",""SERVICE-9076EFFE00624CB2"",""SERVICE-495F629C04F9A3DA"",""SERVICE-C7935F47616B46AB"",""SERVICE-C7EE852FCE6F386E"",""SERVICE-0117DE6B8BD8A391"",""SERVICE-1B8AC478D66C04E7"",""SERVICE-0A47FB8FAB3C0F76"",""SERVICE-5C6787042B256DF2"",""SERVICE-75271B1EA8C08B2B"",""SERVICE-1F9670CA50A1F14E"",""SERVICE-4A61A060E3A5BBB8"",""SERVICE-EBC0481412466434"",""SERVICE-5D93B189B7112E93"",""SERVICE-5DC7A32CCFA705A9"",""SERVICE-78303620F0AFEB1D"",""SERVICE-4717BB1F9FFD17B5"",""SERVICE-3276A0F378A3FE49"",""SERVICE-92562B7CA4344064"",""SERVICE-6A224486C5DEE51A"",""SERVICE-C8CAD1D4030ECC50"",""SERVICE-CE6552710A5A8B02"",""SERVICE-F876A1E7028F8DF1"",""SERVICE-CC6AA03CA4E0BE18"",""SERVICE-7AAB531869091608"",""SERVICE-63A17E84D174FD19"",""SERVICE-F177B54DF5DF8C07"",""SERVICE-69BE15ACA2D1A8B1"",""SERVICE-A54B66723BB75745"",""SERVICE-78C6DF6096F0FF12"",""SERVICE-8E37E6DBBB1DEFB3"",""SERVICE-C2356D37D2FF0BF8"",""SERVICE-D8E25DF172CC8150"",""SERVICE-F0B52AF4E15DEF42"",""SERVICE-3E0BA0E721E48F59"",""SERVICE-25602735057E71FB"",""SERVICE-AC4BA928B851E22C"",""SERVICE-6F83075CC190265E"",""SERVICE-03853ED11E346F81"",""SERVICE-232BFC8A379016DF"",""SERVICE-858C3E8C55C7F918"",""SERVICE-7BF4D9698C46BE6F"",""SERVICE-B3DFFF25DC278005"",""SERVICE-7E5474FC96F094F7"",""SERVICE-30E124BDFD157865"",""SERVICE-814A72A70777E74C"",""SERVICE-E7BE52F916A1BA08"",""SERVICE-B5947F74EE87EC37"",""SERVICE-0133FC1760C64443"",""SERVICE-6A4518F4D9EC7103"",""SERVICE-6F85C1082A89D257"",""SERVICE-AF747AEDF0A234A5"",""SERVICE-7D0A36E4B0BFEACD"",""SERVICE-37CBBD2E66079AF0"",""SERVICE-2AD6484CE64FB572"",""SERVICE-07AC2A94A82377CF"",""SERVICE-977F6D60FE056D48"",""SERVICE-0AF769425164582B"",""SERVICE-98C437D63632A9AD"",""SERVICE-755AABBFA9D4272E"",""SERVICE-FB6F03016B8F8934"",""SERVICE-8230E371800B1400"",""SERVICE-75DFD8553B3D641D"",""SERVICE-EEB551B65336FEB6"",""SERVICE-A53E4BEDF96926B7"",""SERVICE-631F674EDB2296E3"",""SERVICE-8F90A295B3898F3B"",""SERVICE-A7543FAB967374E9"",""SERVICE-9E53085444F827CC"",""SERVICE-FF9579EA804295A8"",""SERVICE-21CE1D32F5D6FBA9"",""SERVICE-77934A4A447B0DB6"",""SERVICE-7C44D30A808A7C0B"",""SERVICE-B6A940F8124AB64E"",""SERVICE-8EDF71A09157BAD2"",""SERVICE-4F1DD7EF9FB29D70"",""SERVICE-A84DBA9D457FE488"",""SERVICE-C1BE0357F0E3EF93"",""SERVICE-5ECF66627379FE86"",""SERVICE-2C5020852D30DCF4"",""SERVICE-78DF61754E3E70BC"",""SERVICE-5AF3B412029D974F"",""SERVICE-181951A5180B6A7A"",""SERVICE-D7BEF84B9988624E"",""SERVICE-31535CC0B76AFD24"",""SERVICE-A977B574DD7F8550"",""SERVICE-C7562127511EF324"",""SERVICE-088FEC5A5DF723FF"",""SERVICE-725AC72D938C3CCE"",""SERVICE-712CA57DB8FAF6B4"",""SERVICE-73511298D0228FD1"",""SERVICE-78F45C38E2F91A85"",""SERVICE-C046B851359D5795"",""SERVICE-F21622803DA81BC9"",""SERVICE-232DE7A1E4190596"",""SERVICE-2614A37176AF0E91"",""SERVICE-8C266F95239A1742"",""SERVICE-AEF38F64310CE78C"",""SERVICE-5598AC19BC1E3A42"",""SERVICE-B97673939B63886D"",""SERVICE-335D2D5C9476AD97"",""SERVICE-284C54EABB8C38B0"",""SERVICE-38E1A03408818E36"",""SERVICE-FD2F2C59DFA8F0B8"",""SERVICE-4DEB27A54F45BA95"",""SERVICE-453EDE3E57E732A1"",""SERVICE-80B5E346C55442FA"",""SERVICE-4CEE949794AC93B5"",""SERVICE-BEB540DCE5FB84E9"",""SERVICE-60963F3B927453B6"",""SERVICE-591DDC6A91B5EACE"",""SERVICE-2381D8E26A4B21D0"",""SERVICE-ED83A270ED583DFE"",""SERVICE-A5802DB4134BA004"",""SERVICE-33A31EC8C5D5B0EC"",""SERVICE-728812E5865BB923"",""SERVICE-DED5225C9E853DBE"",""SERVICE-5DCAE847584C54F3"",""SERVICE-3ED47A14BCEA987D"",""SERVICE-E80FF3A79EC8FD7E"",""SERVICE-8D78F0B0DACCDDC9"",""SERVICE-4555CD778E9394D3"",""SERVICE-715E6F08491527EA"",""SERVICE-78C4E73FA45A4259"",""SERVICE-2FC28A06A42B12BD"",""SERVICE-E11416C2D745BAEE"",""SERVICE-636F9D85EAD64741"",""SERVICE-9665B8DB268F09B4"",""SERVICE-3517A658489BC0E3"",""SERVICE-9CB9E3A5D8A3FDE9"",""SERVICE-E4E15C6B6A1F6942"",""SERVICE-A01980630A997897"",""SERVICE-6923B0CC4CF64D2E"",""SERVICE-0330647EBD834149"",""SERVICE-4F462ACC6F3EA880"",""SERVICE-CE8C7B3FA5FEA37F"",""SERVICE-91D53C19D3A69D28"",""SERVICE-0EEEACE442015A7F"",""SERVICE-874026C16EC23F66"",""SERVICE-79BC601E321B178C"",""SERVICE-D424E2F6E2E4F8ED"",""SERVICE-FCFF63586A3B1A82"",""SERVICE-C2E284BCF34AD1FB"",""SERVICE-4972055E885A81B5"",""SERVICE-DB006C58BEC224CE"",""SERVICE-68A480A6E9CBA599"",""SERVICE-308DF268A44D45C0"",""SERVICE-EDA9B719D221556A"",""SERVICE-C9E71F290B9FDAC3"",""SERVICE-9C77D68112CEC715"",""SERVICE-ADF279497F970FF5"",""SERVICE-C960CCBF3329D218"",""SERVICE-6CB17AC99BF5436F"",""SERVICE-7C8BCE003270FD12"",""SERVICE-9B9C8F7759E0493D"",""SERVICE-C8ACC5EAD052995F"",""SERVICE-4A0A068204BBF4D4"",""SERVICE-9D4DBC43E8A82BC5"",""SERVICE-382B204026A082EA"",""SERVICE-285E6D8B57234D19"",""SERVICE-CF8E118417378FC5"",""SERVICE-0E6D73FAD64BCE3F"",""SERVICE-E9C5135B91B78E02"",""SERVICE-29093E2F4C3BB4C6"",""SERVICE-94CBDC33C02AE58E"",""SERVICE-83B464248D276BBB"",""SERVICE-0C55174027F05BF6"",""SERVICE-166E8CF5DC6E60DF"",""SERVICE-52FBAB6A55A44CF4"",""SERVICE-62D8B068D16403A5"",""SERVICE-AB2DDFA7D25B02D6"",""SERVICE-F9213A3D51FD74CE"",""SERVICE-6BEE0F4478563B4F"",""SERVICE-9E0AEBE48CBA1F84"",""SERVICE-A709A82443440362"",""SERVICE-4207C8CE8909A4EA"",""SERVICE-23CC289E5EC7D4D7"",""SERVICE-C5D8011458BAFD99"",""SERVICE-B7999FFFE42524DE"",""SERVICE-2D09920495B20D49"",""SERVICE-D0C2351D20F0CD3E"",""SERVICE-7F8CFB268F3163D8"",""SERVICE-5362386CEE44E330"",""SERVICE-C39903046B795224"",""SERVICE-150E0A158CAFEA2E"",""SERVICE-5FD280E66E0278E0"",""SERVICE-6048F28181989510"",""SERVICE-020509EA30E4D396"",""SERVICE-26EAA8782CC89B45"",""SERVICE-2402D8C8C7D8F1A6"",""SERVICE-23C2917611460681"",""SERVICE-F3F07384B7E3D647"",""SERVICE-53BE5C454E13034E"",""SERVICE-EF111830B7B4194B"",""SERVICE-BE9F86BEE902D55F"",""SERVICE-311E4D6048792CEE"",""SERVICE-E09D20802A1371B4"",""SERVICE-CE6752EAF6739021"",""SERVICE-095C241819B49E88"",""SERVICE-168FA5D53087E129"",""SERVICE-20E6247A8C696AE2"",""SERVICE-93FC948A956BD02D"",""SERVICE-437A00E0AA5A2493"",""SERVICE-4935E9B0ED9CC66B"",""SERVICE-F412B01A0DEA64EC"",""SERVICE-E9D5ABD9FC6F4ACA"",""SERVICE-3E5597BDEC91AA36"",""SERVICE-328CD8429809DDDC"",""SERVICE-1665C060B604EC66"",""SERVICE-E3D32AD06E914237"",""SERVICE-88D316A228A93D69"",""SERVICE-03F8BB6F9B6A8FB3"",""SERVICE-1F756990A63EBACB"",""SERVICE-BE265473EC8E2AD0"",""SERVICE-29D5E7BE6A22EA93"",""SERVICE-8890139E0C54E1AC"",""SERVICE-BDF47F16C8645C1B"",""SERVICE-CB5A6485B9EE3896"",""SERVICE-F7C0849E9A348E0D"",""SERVICE-F7585C534DD2EFDC"",""SERVICE-B49FB3020351136E"",""SERVICE-3D0D8EB56F923253"",""SERVICE-37A0C4C4DD94C041"",""SERVICE-874D23F18AEA6A24"",""SERVICE-83D91F37F00AC319"",""SERVICE-E1C52E72B74DCF6A"",""SERVICE-89527C23A5D5171E"",""SERVICE-CC6CE096F121BA8C"",""SERVICE-32212D028D437AEF"",""SERVICE-3FCB7FE65692BA2F"",""SERVICE-45CCD3A1E81D9AF6"",""SERVICE-622A278AC54EA856"",""SERVICE-0AC04A81200AC093"",""SERVICE-43340A33218AB831"",""SERVICE-678FA0913A57F5BA"",""SERVICE-711EB65A94991B40"",""SERVICE-A0E9E1925B013B5F"",""SERVICE-514BEA068ACE713C"",""SERVICE-73366A2111E29BAE"",""SERVICE-F90130656A88723F"",""SERVICE-E17258DB1205591A"",""SERVICE-AE10772C5732A0B7"",""SERVICE-A5F78707C637F502"",""SERVICE-2F432605B65B71D5"",""SERVICE-07381463F9A3221A"",""SERVICE-204C04C79B445EE5"",""SERVICE-8B7D7D60C4BB9808"",""SERVICE-A6B9ED85D8AC5ABE"",""SERVICE-2DCF618EFB623F01"",""SERVICE-1E3AC15FD3D30212"",""SERVICE-231A673FDDFAD301"",""SERVICE-7B2662A213388B24"",""SERVICE-BAF05314AC84287E"",""SERVICE-39F3A35658CB11FD"",""SERVICE-4E677059A45537EC"",""SERVICE-0F9551C83654CB32"",""SERVICE-33D0207D54946D5D"",""SERVICE-5C7D6B806F63AB74"",""SERVICE-0C7FCF7D0E5B3F0B"",""SERVICE-0B7A628FD39219A0"",""SERVICE-0EF17C8F11F76FEB"",""SERVICE-E3F6088E70FC77E0"",""SERVICE-AEC93838495C3413"",""SERVICE-E556DE1F3A35AD7E"",""SERVICE-B80A2BC7EED0570F"",""SERVICE-A9185F56EF9413F1""]"
"null","Crop","Low","PRD","[""SERVICE-4EAC0B1CCB38322B"",""SERVICE-16BF4EC418620C1F"",""SERVICE-390FC3886B40E02A"",""SERVICE-96DB2181230D2BAA"",""SERVICE-301B91B58BC5FE32"",""SERVICE-5C5CC019445E062D"",""SERVICE-B14A7F6E580C2651"",""SERVICE-2E39BC86E05568A0"",""SERVICE-59160BE705922BCC"",""SERVICE-0B86F274986B64C2"",""SERVICE-98562C8F6A7C3F0E"",""SERVICE-F0FCD0AC4DDA72B2"",""SERVICE-CC104419D620A5E4"",""SERVICE-3DD822ADF01D2E1C"",""SERVICE-C5661D7894E54A24"",""SERVICE-0F533E497A43E836"",""SERVICE-61FBD7D89BDA621D"",""SERVICE-D5266FCDE1402FCB"",""SERVICE-E262AA8DF49FC980"",""SERVICE-09E319386FAC6A08"",""SERVICE-5944A134BE0650CD"",""SERVICE-520E27D7A053BC38"",""SERVICE-2506AA5BEE5FA06B"",""SERVICE-DEF9E9A8A7F7718C"",""SERVICE-16ADEA68AC6572B8"",""SERVICE-6BA4DB15DA4ADAD4""]"