app,hosts,bu,criticality,env
APP-1001,"[""HOST-C76C8CE09D55E56D"",""HOST-4B8683514DDBDEF5"",""HOST-E98A713697CFF0C1""]",Data Mgmt,High,PRD
APP-10073,"[""HOST-B04ABC6EAE2B69DF"",""HOST-01C982B56F0D50C8"",""HOST-73F9A94F049DCEB2"",""HOST-92B72A2C7B54EF85""]",null,null,PRD
APP-1013,"[""HOST-43A1F821E72130A6""]",Data Mgmt,High,PRD
APP-1016,"[""HOST-C84F1C8239A6E825""]",Underwriting Systems,High,PRD
APP-10213,"[""HOST-C3AEC92F5CC1C576"",""HOST-51363E583CA6E29D"",""HOST-15D2AA397B258968"",""HOST-8169D24BEA175D66""]",IT Infrastructure & Operations,Low,PRD
APP-1034,"[""HOST-0B5A352A6DCBF1D7""]",Underwriting Systems,Low,PRD
APP-1036,"[""HOST-ECAE576411A46A9E"",""HOST-9EF1A1E3F4F4360C"",""HOST-323D345498A9C577"",""HOST-DC6B54A06BCCE9CA"",""HOST-0AA53EEAF97EC6D9"",""HOST-65B7DC36DD799CDD"",""HOST-976A31ABF1ABCB4B"",""HOST-E2C01F57FC0E3DB5"",""HOST-F9B86F99911DDA4D""]",Adv Tech & Ent Sol,High,PRD
APP-10385,"[""HOST-A35925557F7A38B9"",""HOST-E0054BAED80F8177"",""HOST-93791F333B315406"",""HOST-619FE866960A2001""]",IT Infrastructure & Operations,Low,PRD
APP-1049,"[""HOST-90B5138D57DE0699"",""HOST-0D842CB71A109892"",""HOST-B728B776C262880E"",""HOST-C206BF28519A551F"",""HOST-022D690F1A3E7937"",""HOST-295E5C3F319E93E1"",""HOST-EA0D27AE59AF7F96"",""HOST-C610A1194A43C5C2"",""HOST-D93D08C5CEBC13A0"",""HOST-154595A326409239"",""HOST-92CB331115B81B39"",""HOST-D957B0C48DCD7ADA""]",Underwriting Systems,High,PRD
APP-1054,"[""HOST-BF37B1B2153D1BA4"",""HOST-9CAE676BC5025E9D"",""HOST-44A943CC5299200B"",""HOST-C71483857B956DF5"",""HOST-76658ACD61E638A8"",""HOST-444647B41E970B4A"",""HOST-4E93D2F6EDE547D9"",""HOST-45F244E1207DF915""]",Claims & SAP,High,PRD
APP-10592,"[""HOST-F4F2C8F732331C3C"",""HOST-89D83F8946909558"",""HOST-824FAC90B920628D"",""HOST-08BFA5D5FC9865E1"",""HOST-EBD24551B6C612D6"",""HOST-9B3EB138CB6C7597"",""HOST-B9ABCEE82A7D0D25"",""HOST-841676186A5FF32C"",""HOST-11E47FB06BD56C97"",""HOST-0AB5C4E779B658F2"",""HOST-10CA35F536A0220E"",""HOST-BCB0F6757B0E81E1"",""HOST-E55030464E4FD3D5""]",IT Infrastructure & Operations,Low,PRD
APP-10594,"[""HOST-BD03E6D773F88B4E"",""HOST-E70D558176CB6509"",""HOST-4675127D0A9C99FE"",""HOST-A55A970D532D2256"",""HOST-4D77C041A9189397"",""HOST-B6EBC236B254E78F"",""HOST-6F2816052A8BD694"",""HOST-51EED52D00F656D7"",""HOST-48B735CB27C40DED"",""HOST-517BE958EF137C29"",""HOST-D05A25924A6C8A45"",""HOST-F0C2A2822244BCA8"",""HOST-3B8B2ED6FAC6832B"",""HOST-32E85A89C1CD661A""]",Data Governance,High,PRD
APP-10595,"[""HOST-7506D77C4FE79060"",""HOST-C232A3EFC4109253""]",Underwriting Systems,High,PRD
APP-10691,"[""HOST-4BA987002AE21B00""]",Data Mgmt,Low,PRD
APP-10700,"[""HOST-DBDB0D7F457498C6"",""HOST-88F38EF9AF27161D"",""HOST-67D47BE28C77FEE0""]",Underwriting Systems,High,PRD
APP-1079,"[""HOST-19770756FEAD013A"",""HOST-46F81BC99AE7A6D8"",""HOST-C6F9F7E7AA7A4AEA"",""HOST-EE5CE461B23F60A7""]",Data Mgmt,High,PRD
APP-1081,"[""HOST-1BF864524A00C3B3"",""HOST-42D5E31242B278C2""]",Claims & SAP,Low,PRD
APP-1082,"[""HOST-EB19C68C32CAD59A""]",Claims & SAP,Low,PRD
APP-1095,"[""HOST-D860CD16314D18F2""]",Underwriting Systems,High,PRD
APP-1107,"[""HOST-59F8B8A43393023A"",""HOST-147EE9C3E37EFC47"",""HOST-B9936AB5724A04FD"",""HOST-30E58B995EEFA287"",""HOST-4A7A9021EE087FCE"",""HOST-6E65FF81A6D2FBF9""]",Claims & SAP,High,PRD
APP-1113,"[""HOST-82F22CEB829F89FB"",""HOST-2E6177E48F573FED""]",Data Mgmt,High,PRD
APP-11352,"[""HOST-EAEF55250FC5BF4A""]",IT Infrastructure & Operations,Low,PRD
APP-11359,"[""HOST-64318CA76A2315D8"",""HOST-83BB1B9E730612DF""]",Data Mgmt,Low,PRD
APP-1137,"[""HOST-123F931DC1331167"",""HOST-365235497911CE12"",""HOST-D45BCAB43A7690E6""]",Adv Tech & Ent Sol,Low,PRD
APP-1138,"[""HOST-54747172AFCE5D7F"",""HOST-BB2B517F9A4EFC50""]",Data Mgmt,Low,PRD
APP-11485,"[""HOST-EA804B685814BD97"",""HOST-C79F3E3C1606E387""]",Data Analytics Engineering,Low,PRD
APP-11504,"[""HOST-97E0A84CBC1A94C9""]",Information Security,Low,PRD
APP-1156,"[""HOST-0D3026753915A947""]",Underwriting Systems,High,PRD
APP-11569,"[""HOST-751B59AC8A7DC9DE""]",IT Infrastructure & Operations,Low,PRD
APP-11579,"[""HOST-5A894D659A0E7E70"",""HOST-45F356D24E28155F""]",Canada,Low,PRD
APP-11728,"[""HOST-C6F532443D78E804"",""HOST-98EAE17753B57799"",""HOST-F6D5F9DB0D8C848C"",""HOST-5CB9982EF1DC01B9"",""HOST-8659B5C1FCC864D2"",""HOST-7D773E9373734C5C"",""HOST-816ABB09267771E9"",""HOST-5C3C27686CB8AD42"",""HOST-1A92F1CD6175C46A""]",IT Infrastructure & Operations,Low,PRD
APP-1179,"[""HOST-DA1E3132E4DDBA4A"",""HOST-2D9CD61F4F79DED3"",""HOST-D745419313FBB609""]",Underwriting Systems,High,PRD
APP-11947,"[""HOST-BF6B79167F41292C"",""HOST-2364365335E0AA2D""]",IT Infrastructure & Operations,Low,PRD
APP-11955,"[""HOST-99B9F1E4FB6FA6E6""]",Adv Tech & Ent Sol,High,PRD
APP-12071,"[""HOST-1B7C9B9B2554461E""]",IT Infrastructure & Operations,Low,PRD
APP-12278,"[""HOST-A52B85A44772D7F8"",""HOST-27633A1EC2651595""]",Claims & SAP,Low,PRD
APP-12305,"[""HOST-3C272CD3CDE078E5"",""HOST-C765104435E33409"",""HOST-50EEC19EBF460175"",""HOST-571296A93DA195B3"",""HOST-8B9CF71779392B4F"",""HOST-BD246D07CE779624""]",Underwriting Systems,Low,PRD
APP-12339,"[""HOST-31CE6CA21236ABD1"",""HOST-B1D22BEAB07510A7"",""HOST-5526A368A5DB088A""]",null,null,PRD
APP-1234,"[""HOST-461A22166C2CBB26"",""HOST-527CC0918E30FA12"",""HOST-4467123DABB02426"",""HOST-05E78D382DFF12EF"",""HOST-E5A3B40CBA8BA054"",""HOST-83677444BADAD78E"",""HOST-3D4FC9656CF24733"",""HOST-AE69554102A52455"",""HOST-58255BDED1EB9EAA""]",Underwriting Systems,High,PRD
APP-1237,"[""HOST-0A3E131BF9103698""]",Underwriting Systems,Low,PRD
APP-12371,"[""HOST-58BC90118A23C57F""]",Data Analytics Engineering,Low,PRD
APP-12372,"[""HOST-101DA798204687C6""]",Data Analytics Engineering,Low,PRD
APP-1238,"[""HOST-A7DFBCCB6E4204D5"",""HOST-4AF96D20773E2718"",""HOST-47B716E4A365849C""]",Underwriting Systems,High,PRD
APP-12692,"[""HOST-DA1C19BA5A72686E""]",null,null,PRD
APP-1270,"[""HOST-B072A4E60FAA0981""]",Claims & SAP,High,PRD
APP-12701,"[""HOST-09B9DB7BBBCBF48F""]",Claims & SAP,Low,PRD
APP-12720,"[""HOST-B86FE4F9E6A6AEE6"",""HOST-27E2DA932FE2C9F2""]",Data Mgmt,Low,PRD
APP-12735,"[""HOST-C09B723AABD9B3B6""]",Claims & SAP,Low,PRD
APP-12736,"[""HOST-A754969DBA8FB53C""]",Adv Tech & Ent Sol,Low,PRD
APP-12796,"[""HOST-5521E404DFCA13F4"",""HOST-D287B3C079A170AB""]",Data Mgmt,Low,PRD
APP-12797,"[""HOST-E7A7FD676FC295D9"",""HOST-6EDC810F0E1B3580"",""HOST-A477F8FD96A91E72"",""HOST-C1443F700D89E1BF""]",Data Mgmt,Low,PRD
APP-12815,"[""HOST-9A900DF411E6126E"",""HOST-4638507B96625DA5""]",ZAAM,Low,PRD
APP-1284,"[""HOST-84CDE514E2DD001E""]",Data Mgmt,High,PRD
APP-1289,"[""HOST-DAC6426433029519""]",Claims & SAP,Low,PRD
APP-1294,"[""HOST-0E403ACA5EE02B2F"",""HOST-11D666B2ECB6D5F1"",""HOST-DE39DB0D00E0C80F""]",Underwriting Systems,High,PRD
APP-1295,"[""HOST-01FF20023A8227CD""]",Data Mgmt,Low,PRD
APP-13012,"[""HOST-AC01303EA4AF5424""]",Adv Tech & Ent Sol,High,PRD
APP-13059,"[""HOST-A20D54A3C6137AFC""]",Underwriting Systems,Low,PRD
APP-1309,"[""HOST-7FE8BB86527A012D"",""HOST-098198DDA11D0CD1""]",Data Mgmt,High,PRD
APP-13116,"[""HOST-EA1857D9AB30EAF5""]",IT Infrastructure & Operations,Low,PRD
APP-13198,"[""HOST-7B83F3F63C77B22F"",""HOST-6931E7E3D7B74405""]",Adv Tech & Ent Sol,Low,PRD
APP-13308,"[""HOST-33A4CBC129506027"",""HOST-B4F37A10CE23EF86""]",IT Gov & Prgm Mgmt,Low,PRD
APP-1544,"[""HOST-B3C5BB830733DE23"",""HOST-B279C805016E7803"",""HOST-B9D1906A2C5986C0"",""HOST-7D038F1835BE47F5"",""HOST-95403BCB583D16B2"",""HOST-A83954B106B82C6E"",""HOST-EABA719E743AA895"",""HOST-FE1DFF5234A6F107"",""HOST-11A1D02EC197B57F"",""HOST-702D841E40714DB0"",""HOST-5655FC8C19FF6FAA"",""HOST-B02BAD538AC8285D"",""HOST-FD14271062879516"",""HOST-098C8F688269AB4D""]",Underwriting Systems,High,PRD
APP-1548,"[""HOST-2F991E61D5E268D3"",""HOST-D94FFB9A8D99FDF8"",""HOST-57D7EC6E905AAD25"",""HOST-6613A059D1ED6A90"",""HOST-7151DEEF1AFC41EF"",""HOST-B0C5DB10CD7B043E"",""HOST-158F86F8826D8EA3""]",Underwriting Systems,High,PRD
APP-1577,"[""HOST-07DDC06516726F4A"",""HOST-1C781EE6A24DD2DA"",""HOST-F463CB4B7F1B4552"",""HOST-DCAC4C30003A4D1E""]",Data Mgmt,Low,PRD
APP-1677,"[""HOST-680B8F48B2D5687F"",""HOST-A64A18A38A03E514"",""HOST-A23398A773ED6B1E"",""HOST-01EA2A8598A8F6D2"",""HOST-D7B434ADE9967D24"",""HOST-835FDF9CF60F5008"",""HOST-B4663A9DAE629055"",""HOST-D742A554B2D43EBD"",""HOST-14B3E132C21A9F6B"",""HOST-0F307BD9B225E85B"",""HOST-366F78003273068C"",""HOST-039B4084C56D685B"",""HOST-26566D0F95045025"",""HOST-459955696250FC01""]",Underwriting Systems,High,PRD
APP-1685,"[""HOST-17057170908CD465""]",null,null,PRD
APP-2455,"[""HOST-F54341E27BA8FFC2"",""HOST-7B1ADDF75B8F8F16"",""HOST-8D804213A7B0822D"",""HOST-38DAE03D94D69ED8"",""HOST-F7F27B10754927FD"",""HOST-847AB72760C70F4A""]",Claims & SAP,High,PRD
APP-2487,"[""HOST-00B6A66ED8C9910F"",""HOST-A0E55D51DA44977C"",""HOST-A55BD8524DF7728B"",""HOST-E7799CDAE87AF466"",""HOST-FA250DB292956602"",""HOST-A2642F007002AC26"",""HOST-96A2112DD21C2B80"",""HOST-D20E089B1AE22AB2"",""HOST-C6542D5C54A0803E"",""HOST-2AA7DE4CFAF08249"",""HOST-E92201F17A634D4D"",""HOST-4DB0F59924E1F607"",""HOST-50012DA472CFA07B"",""HOST-F539F628940E0BD2"",""HOST-08DCEC6BF62FCCCB"",""HOST-90EBBD6BB8DEE888""]",Underwriting Systems,High,PRD
APP-2641,"[""HOST-CC045866A91E583E"",""HOST-FBF4104071D2BC07""]",Canada,High,PRD
APP-2685,"[""HOST-9C34B6445CF4C9E2"",""HOST-066FD3C9773B2046"",""HOST-51EFF22ECEF471F6""]",Data Mgmt,High,PRD
APP-3982,"[""HOST-A5612488A713E5FE"",""HOST-EF972346824180D3"",""HOST-8CBFE6123A78C811"",""HOST-3078891B4156C55F""]",null,null,PRD
APP-3986,"[""HOST-2C0E3825434F90B8"",""HOST-CE1347166BE6EC41""]",Claims & SAP,High,PRD
APP-3991,"[""HOST-9E7F6775DED0B03C""]",Data Mgmt,High,PRD
APP-4034,"[""HOST-788EF9FB2054723A""]",Data Mgmt,High,PRD
APP-4119,"[""HOST-67DA8BDEFCC63AEF""]",Underwriting Systems,High,PRD
APP-4120,"[""HOST-8DB4DDD7ABFCC838"",""HOST-E516F6EE2D62BE4B"",""HOST-11ECD05452E830CD"",""HOST-7F3BE78659494759"",""HOST-67EB88027216373A"",""HOST-091A559C6CC307E8"",""HOST-A2D2E350568569E5"",""HOST-52AB94DDDBC9C6F2"",""HOST-F47CFA72DBA22AA3"",""HOST-65B07F2593E69713""]",Canada,High,PRD
APP-4132,"[""HOST-B12EACB4A5A467E6""]",Claims & SAP,Low,PRD
APP-4161,"[""HOST-8E08B601CAF304DC"",""HOST-B7A223C6481F0E47"",""HOST-BA1071DD0EF37ABF"",""HOST-435E41DD7E354405"",""HOST-7070CA445ADABA3E"",""HOST-2F7282410C60252F"",""HOST-1E71DCC652CE936E"",""HOST-58A0C20BC5330367"",""HOST-27D521A49A62616B""]",Data Analytics Engineering,High,PRD
APP-4463,"[""HOST-09FE261C3CA0C5C2"",""HOST-75C44762B3617494"",""HOST-CC5E772AC7DB9035"",""HOST-E0A23354E372498A""]",Claims & SAP,High,PRD
APP-4982,"[""HOST-3DC8C418CCDD951A"",""HOST-76E36EC8DAE529E1"",""HOST-AB73828A601D4C0D"",""HOST-8539B37E1AC3A60D"",""HOST-3CFBCDFF83332E24"",""HOST-22406E60C3E322F2"",""HOST-D91F838C200BD79C"",""HOST-563DAA7997FD81C8"",""HOST-33C0DEDD8D22CC9D"",""HOST-9915D0326CF0D9BE"",""HOST-9501206602D716DC""]",Claims & SAP,High,PRD
APP-4989,"[""HOST-7A57FBE8DB2D5823"",""HOST-F87BCEBC1BD31A7E"",""HOST-AC517858E2C84C50"",""HOST-D8C57AE06D15AD15""]",Adv Tech & Ent Sol,High,PRD
APP-5002,"[""HOST-3DA928A54E500BA3""]",Underwriting Systems,High,PRD
APP-5017,"[""HOST-D5832BF6DDFCE2B4""]",null,null,PRD
APP-6192,"[""HOST-5C9F60939A60BD10""]",Underwriting Systems,Low,PRD
APP-6222,"[""HOST-E6BBE5E1B138FC0C""]",Data Mgmt,Low,PRD
APP-6223,"[""HOST-80529A727996F206""]",Data Mgmt,Low,PRD
APP-6245,"[""HOST-E8C31B6D77401CD8"",""HOST-3B895BF67F17E99D""]",Data Mgmt,Low,PRD
APP-6335,"[""HOST-2C89CBAC8B19045D""]",null,null,PRD
APP-6336,"[""HOST-74FDA3F101E2DEFC""]",Adv Tech & Ent Sol,Low,PRD
APP-6358,"[""HOST-57C5F3B6A2ABB5F6""]",null,null,PRD
APP-6409,"[""HOST-82317E81A01EBFC3"",""HOST-859D72D841828D4E"",""HOST-92838CD72B1AF665"",""HOST-04B4AA555FC4F0A8"",""HOST-747F6C0BC2F94C8B"",""HOST-9D1F57B0CB9B5A11"",""HOST-03D9340E43521C7B"",""HOST-8D7A5BCA5ECEE366"",""HOST-41E58C8E70C16554"",""HOST-E66616121C85C370""]",Underwriting Systems,High,PRD
APP-6557,"[""HOST-3F745875B3A23515"",""HOST-4F7CD5709911FAD2"",""HOST-BA43F0DEAF715CAC""]",Claims & SAP,High,PRD
APP-6597,"[""HOST-1B08BA34D45DE9B7""]",Underwriting Systems,High,PRD
APP-6879,"[""HOST-DC626270168988CD"",""HOST-7CE7E667FE95BFBF"",""HOST-90ED754178728478"",""HOST-7064807148B1811C"",""HOST-7CBA2A8B942F3A70"",""HOST-16C0E76DEBCE5992""]",Data Mgmt,High,PRD
APP-7026,"[""HOST-CAFD9E3C7BA28F31"",""HOST-869A0BF127EB1F52"",""HOST-04D3D5568ADD2549""]",Crop,High,PRD
APP-7037,"[""HOST-C85F1BE6D96F2C88""]",Underwriting Systems,High,PRD
APP-7077,"[""HOST-8A125F17BC2D4969"",""HOST-69E6319E3338DB59""]",Underwriting Systems,Low,PRD
APP-7169,"[""HOST-68FE6110571B1F68"",""HOST-CDFD0979B2D0DCDA"",""HOST-2F29E3178232B2E8""]",Canada,High,PRD
APP-7439,"[""HOST-C71C783288686556"",""HOST-26BCF43AC81FAD61"",""HOST-4CE1C7DFE139F023"",""HOST-FC7A730078BB43FA"",""HOST-08BE5344B6B024FC"",""HOST-C84233C0C7090446"",""HOST-C8FC82792BA3B155"",""HOST-EFD004493BD9498D"",""HOST-27DB66BABF2BA08B""]",Underwriting Systems,High,PRD
APP-7469,"[""HOST-536867A29F136E3F"",""HOST-A36A8917D1A16060""]",Crop,Low,PRD
APP-7483,"[""HOST-B1DCE86CAD5511EB"",""HOST-564CB02D7D0D258D""]",Crop,High,PRD
APP-7604,"[""HOST-8E0CBDA7A20FD050"",""HOST-CC78E38647F67E39"",""HOST-584F4AF2EB66ACB4"",""HOST-1893462D1555E0F2"",""HOST-558349EFE2C1A9DB"",""HOST-051294CBD31E4E0C"",""HOST-A45C667C8B73E696"",""HOST-4151342CE5B2DCE3"",""HOST-DDB1970BFD573AB3""]",Data Analytics Engineering,Low,PRD
APP-7765,"[""HOST-B2EF25043CB94B91"",""HOST-AEEFE9EEE976EA87"",""HOST-4B708D1D9690C570"",""HOST-3B71B4C1169D4C44"",""HOST-6753710769417870"",""HOST-E87AB239CE6270B1"",""HOST-CCBB1B34A83D6A1A"",""HOST-1B92AB518056D7DA"",""HOST-1094B0EA872100EF"",""HOST-4847C2565D00D2B2"",""HOST-826F9C7220903856"",""HOST-2FCED0D68271F804"",""HOST-603409E69F2F5E9B"",""HOST-1BA89C32A71D1EF6"",""HOST-517481A4F79C5A8D"",""HOST-65516E8C333B42A2"",""HOST-C6207A02036103FE"",""HOST-457BE709D6487CB4"",""HOST-83813FDCEC824FC2"",""HOST-4681F9ADE8DB09A9"",""HOST-9F425B15A94D5349""]",Adv Tech & Ent Sol,High,PRD
APP-7766,"[""HOST-51C6084E05254B16"",""HOST-FE31E1C4EAA134F5""]",Adv Tech & Ent Sol,Low,PRD
APP-7767,"[""HOST-57A4DBF9CE2D56A9"",""HOST-54AF08BC043DB09F"",""HOST-B2955DED88396242"",""HOST-0812EA5976658A96""]",Underwriting Systems,Low,PRD
APP-7771,"[""HOST-9189A34BBBEC0420"",""HOST-1CE4237BA86AD5E2"",""HOST-AE1FA68A0222843E"",""HOST-75EBC30B9D3042D7""]",Crop,Low,PRD
APP-7776,"[""HOST-16916E43B36CACBC"",""HOST-C7CC68408A49005E"",""HOST-00D7730181E39021"",""HOST-F0570E59FA4CF48B"",""HOST-7EF1F4C7C60CA9D4"",""HOST-19E9333F13132F43"",""HOST-5CA0607F57A1BBF3"",""HOST-4DCDB66F3EC55F96"",""HOST-69C65BC1CB2C933E"",""HOST-E26ED8530B7AF75A"",""HOST-FAA7ACCCC4097FDD"",""HOST-E314F417A744F35C"",""HOST-8C95677C9ABA307C"",""HOST-951BEE4446FAC578""]",Adv Tech & Ent Sol,High,PRD
APP-7824,"[""HOST-9302C7F6DD3B34AD""]",Claims & SAP,High,PRD
APP-7825,"[""HOST-7A7C39CE23B25590"",""HOST-0148B2D2404C3E87""]",Data Mgmt,High,PRD
APP-7826,"[""HOST-56C5627E5AA186BC""]",Data Mgmt,Low,PRD
APP-8624,"[""HOST-031803F544F692AF"",""HOST-C9733842A65A8AB3"",""HOST-C3FA3A69907EA0DF"",""HOST-FE819DEB5A3CF444""]",null,null,PRD
APP-8697,"[""HOST-9670ABFA56D3AA82"",""HOST-815A4B646AFED501"",""HOST-F1CF0FAC085414AE"",""HOST-37CAA65814A74C0F"",""HOST-755DF6F0795B954D"",""HOST-26D6A378688E325B""]",Adv Tech & Ent Sol,Low,PRD
APP-8781,"[""HOST-388256C14FD6C274"",""HOST-039F13514829CAD3"",""HOST-F91AC4F5747C1E6A"",""HOST-385062E1D03010BD"",""HOST-4B04B06E94444F1F""]",Underwriting Systems,High,PRD
APP-8941,"[""HOST-F5FB1408DBC18DFD"",""HOST-E39751499B151C81"",""HOST-6744F79805B9646B""]",Underwriting Systems,Low,PRD
APP-9344,"[""HOST-E74C5181946BBF1D""]",Data Analytics Engineering,Low,PRD
APP-9347,"[""HOST-76DA7F0821B538EE""]",Adv Tech & Ent Sol,Low,PRD
APP-9397,"[""HOST-25D7F6AC5FB681AD""]",Data Mgmt,Low,PRD
APP-9417,"[""HOST-7D1F8A527A72CDA7""]",Canada,High,PRD
APP-946,"[""HOST-0C2FFE9A03716868"",""HOST-B1CD5A32DFC50ADB""]",Underwriting Systems,High,PRD
APP-9605,"[""HOST-1292416E2E66DF26"",""HOST-24FD60EC8A5FD7B6"",""HOST-3CE57C7C2464B271"",""HOST-F1445F428B3B0AD4"",""HOST-B25289690E15B8B4""]",Claims & SAP,Low,PRD
APP-9617,"[""HOST-B4845B97C4B01481"",""HOST-156E500B7A8D6BA9"",""HOST-3A95171651DABCFE"",""HOST-CAA3F1B7630C3C58"",""HOST-576E9547C0B70974"",""HOST-96FD3A3070156DC5""]",Canada,Low,PRD
APP-9711,"[""HOST-E064FC6CB346CC9E"",""HOST-CA927C640FFE3F0B"",""HOST-5A5DF583C6597FDC"",""HOST-E964D4DB4A0D33D1"",""HOST-8175CA1A75AE701B""]",Underwriting Systems,High,PRD
APP-9843,"[""HOST-E7C5D773010D1464"",""HOST-DDD272F85316AEDA"",""HOST-135535A91DE6CCF2"",""HOST-FDA9E9F475F1C60C"",""HOST-BAF736B6348FE212""]",null,null,PRD
COM-05670,"[""HOST-0F1BD0E55AC41450"",""HOST-6A9234875D7B951F""]",null,null,PRD
COM-2358,"[""HOST-67E9D309C4848178"",""HOST-4F7271AC838D6D0E"",""HOST-39384B6559EE2BC6"",""HOST-D5EE6ACDF6D2DBA0"",""HOST-1CADA43A361E1367"",""HOST-58A995BB688D6490"",""HOST-A536DF7E5F233820"",""HOST-9A212F608504A5AE"",""HOST-B79959D77A372489"",""HOST-35FFCC438EB9DAFA"",""HOST-4A6092F359DE4DD4"",""HOST-2A5C264EA55CBDDA"",""HOST-D2B5FECE83590E63"",""HOST-E3B51D938AFB64F2"",""HOST-EAB5F9546BEFD806"",""HOST-82D9E42D9A2E5F8C"",""HOST-4E4A838C69B851C5"",""HOST-4599DD15CAE9676D"",""HOST-E0F37F8867460D92"",""HOST-78C6AC092C6632F9"",""HOST-8A7CA60C1379BD49"",""HOST-4F00435DC83C9271"",""HOST-A0857EF5CBE1D289"",""HOST-51DBAB9AFA87A08D"",""HOST-2D754F1609733EF2"",""HOST-F1238E2614DBC5E9"",""HOST-12AEBFD429AA2D52"",""HOST-8C0741865408EE0B"",""HOST-026319C668E9FBE5"",""HOST-5189EE8DEF1C8DB2"",""HOST-4B80F138F5150204"",""HOST-252BEE94389DE8C2"",""HOST-086FA07B4D9AFE2E"",""HOST-2797EB4970785762"",""HOST-DE8018BDA3A8BC45"",""HOST-B80C55423430A33D"",""HOST-A95F3AEB4BE70790"",""HOST-0CDD585C57A11E0B"",""HOST-7A3ED87B7098AD7F"",""HOST-F40DFA11C9BCB575"",""HOST-93178D2B32AF264A"",""HOST-9C53272189487D35"",""HOST-707D8D4051D310EA"",""HOST-295BAC572245CEB9"",""HOST-5D3383C66E5B68F2""]",Adv Tech & Ent Sol,High,PRD
COM-2391,"[""HOST-FABF575BDA6AE334""]",IT Infrastructure & Operations,Low,PRD
COM-2394,"[""HOST-4461C4765C0F7945"",""HOST-C6D28BE6159B5877"",""HOST-9D6519E6ED09941F""]",IT Infrastructure & Operations,Low,PRD
COM-2432,"[""HOST-45DBB7463030E9AB"",""HOST-68AD43E37D22E260"",""HOST-0BF0092B264136DF""]",Adv Tech & Ent Sol,Low,PRD
COM-2512,"[""HOST-C2EBA9E17B47C159"",""HOST-590376E709E5CF3C""]",IT Infrastructure & Operations,Low,PRD
COM-2604,"[""HOST-74AA4A95A814A945""]",null,null,PRD
COM-2773,"[""HOST-730A424D4E9A905C""]",Adv Tech & Ent Sol,High,PRD
COM-3638,"[""HOST-3876FE4518823B28""]",Data Mgmt,Low,PRD
COM-3651,"[""HOST-CE12887FF1FC1384"",""HOST-C97C9A61CA8119A5"",""HOST-6AE2D3E1F9A70090""]",IT Infrastructure & Operations,Low,PRD
COM-3655,"[""HOST-4084FB98AAE7104A"",""HOST-34907B125CF37589"",""HOST-7DB0903617A1D678"",""HOST-03FE0B59E86EB816""]",Crop,Low,PRD
COM-3803,"[""HOST-8208F0D72BCB44CB""]",null,null,PRD
COM-3962,"[""HOST-FDC56C3E23731F64""]",null,null,PRD
COM-4611,"[""HOST-3F52A8A8AC9B54B9""]",Underwriting Systems,Low,PRD
COM-4716,"[""HOST-0C0B8ECB7BB99AEC"",""HOST-EDF46368D5A36C3F"",""HOST-54F84E64166140CD"",""HOST-AC1CD09DD8E0776E"",""HOST-D8C4E135FCEA9867"",""HOST-52496FC0D160B52F""]",null,null,PRD
COM-4812,"[""HOST-DDD5E9FE071D8064"",""HOST-35A2A782B5327805"",""HOST-071EDDF478691048"",""HOST-6CC060F2EB4125BA"",""HOST-B9653CD66170F41B"",""HOST-AA99CABF296B4AAA"",""HOST-40EE0DF907E3697E"",""HOST-3746DB7A18911011"",""HOST-C6F0C9F85D47AE95"",""HOST-C5535165852B53E8"",""HOST-6A77A146AF69041E"",""HOST-1CBE953F8A7E4471"",""HOST-6AB97D86AB015E7D"",""HOST-93A8B22013D4A1DC"",""HOST-FD627236043B3921"",""HOST-EF6600276F951436"",""HOST-A921C40553836F63"",""HOST-1CF7CD140CF139C2"",""HOST-61597AD1A45408CF"",""HOST-049BA08D42B41F17"",""HOST-B202FEC802CF39E5"",""HOST-9EA11D135C59B7B5"",""HOST-0F27F2C2FFFCCABA"",""HOST-6875242AC1522B7D"",""HOST-1B446E87E1B97F30"",""HOST-850EBB6D20ECD1A7"",""HOST-7CB2EE47F7B9214E"",""HOST-C9C31A001956606B"",""HOST-1B6D7FD3F4679E32"",""HOST-3BB972211F8D8A02"",""HOST-09133891212B0C88"",""HOST-5383C1EE1EA2BE7B"",""HOST-5EF4FCBB3A5FB6D2"",""HOST-DABFFB7C708B28A8"",""HOST-A0CDBDE314C677DF"",""HOST-569D28253F65DCD1"",""HOST-D861B971DDAB7056"",""HOST-4153F5071F57D563""]",IT Infrastructure & Operations,High,PRD
COM-4835,"[""HOST-F735C37B94237128"",""HOST-6CFEBB76755AA044""]",Underwriting Systems,Low,PRD
COM-4957,"[""HOST-90577FEAD56F0BE6"",""HOST-A96E5E84F5E7957F"",""HOST-68F9B26E8BC373E8"",""HOST-C0312865112E225F""]",Data Analytics Engineering,High,PRD
COM-4995,"[""HOST-4EC030193D1A0D03""]",Claims & SAP,Low,PRD
COM-5040,"[""HOST-F5DB5DC23127FE01"",""HOST-F76F36ED0D4B7EA0"",""HOST-934EE4A4C0E9AA46"",""HOST-9BE9C715C9C152B7"",""HOST-8261296045A88976"",""HOST-F57F3669184BEC53"",""HOST-9928D978539623D4"",""HOST-C5D4F037D688833A"",""HOST-2D6733EEEC9A0B4B"",""HOST-CB93F46F673D4039"",""HOST-3620E51008B5E42F""]",IT Infrastructure & Operations,Low,PRD
COM-5043,"[""HOST-2013908B5F649C0F"",""HOST-6382D7B5C9261AAA"",""HOST-2883C96BF71A7001""]",IT Infrastructure & Operations,High,PRD
COM-5106,"[""HOST-37789F28003169A4"",""HOST-6DA2845A915599CC""]",Underwriting Systems,Low,PRD
COM-5372,"[""HOST-3A9A279142616F83"",""HOST-9BE606B69CCEF737"",""HOST-CAB2E7827B305A3F"",""HOST-8E2E5025A61025EA""]",Adv Tech & Ent Sol,Low,PRD
COM-5668,"[""HOST-A12DC8FD355DD973""]",Crop,Low,PRD
COM-5670,"[""HOST-4920782DD5D374A3"",""HOST-42F6B9821A78C1C2"",""HOST-C473C593ED576C76"",""HOST-7BD02EA0A943B11A"",""HOST-AB6E58CB56797FA3"",""HOST-03F70C295DD2FB3F"",""HOST-5FBA5485B76A0ADB"",""HOST-63297E641A5CE3ED"",""HOST-0CA0B98A257C58ED"",""HOST-A2D745DD54F5FFE6"",""HOST-E65C6CD636B4014E"",""HOST-BBD1C104D1329250""]",IT Infrastructure & Operations,Low,PRD
COM-5893,"[""HOST-5BEDA3156574B8AB"",""HOST-30396A735D69775D"",""HOST-0090B8B440001E79"",""HOST-43DFD00CAAB4CF51"",""HOST-5E9FB7747712E575""]",Crop,Low,PRD
COM-5896,"[""HOST-6F1734C70BBFD48F"",""HOST-6151FB9AC8DF1B07""]",null,null,PRD
COM-5899,"[""HOST-CDFBB5397173A86F"",""HOST-35F260EF061FBF8B"",""HOST-1BC1F17014443BA0"",""HOST-1A4D350EE930609F"",""HOST-4EA1727DAF7D80C2"",""HOST-5261CCD7B43B1030"",""HOST-8F255AF10FF7A6D2"",""HOST-038410F0F478A8B0"",""HOST-142B4C086173B6AA"",""HOST-8C331C4345BA892B""]",Crop,Low,PRD
COM-5901,"[""HOST-30FB664B2FE783F1"",""HOST-E08209F1D14CCE3B""]",Crop,Low,PRD
COM-5904,"[""HOST-4B8F5110D9246326"",""HOST-78E839FC040274A2"",""HOST-C27B0FEE80258A03"",""HOST-339762DE08DF978F"",""HOST-CC55C75F7C01B966""]",Crop,Low,PRD
COM-5922,"[""HOST-071F5F3D1CE386AA"",""HOST-9FF1E686276A2143"",""HOST-0C5EBF7AFA5E8647""]",null,null,PRD
COM-5923,"[""HOST-80B37C2D7DE1EF84"",""HOST-DE5807715ED59EED""]",null,null,PRD
COM-6102,"[""HOST-2AD9D8593C199C3D"",""HOST-89793BA1DB606050""]",Data Mgmt,Low,PRD
COM-6105,"[""HOST-A8D338CDD96999FE"",""HOST-F7058BF96C43C4F4"",""HOST-A260E6894CC792F1"",""HOST-D65D6A526D37F563"",""HOST-0858A7758A35CC2E""]",Adv Tech & Ent Sol,Low,PRD
COM-6358,"[""HOST-4BADFB372FF90869"",""HOST-F30800FA6E318D3A"",""HOST-C2D0A6B2BC1C4C59"",""HOST-FE27AE374E415FF9"",""HOST-3339E6F4674A285B"",""HOST-824CCB6F1937251D"",""HOST-FD48CD15CA5740AB"",""HOST-A33B959D13DDBD85"",""HOST-B513CF5B3A411A11"",""HOST-C2A9A7D8031BDD91"",""HOST-CA58EC76DF2A7B63"",""HOST-01AF2DA70CB422D3""]",Adv Tech & Ent Sol,Low,PRD
COM-6359,"[""HOST-0D36D944918FF253"",""HOST-5A74DBFD32C65033"",""HOST-51B23CB1D955B3EE"",""HOST-4CA9DAAFBD34F648""]",IT Infrastructure & Operations,Low,PRD
COM-6458,"[""HOST-5B4D2769C39CA03F""]",null,null,PRD
COM-6459,"[""HOST-A8B76193D0F84502""]",null,null,PRD
COM-6902,"[""HOST-D864F58F722ADA0A""]",Crop,Low,PRD
COM-6916,"[""HOST-2A8163FE685CA7DB""]",Claims & SAP,Low,PRD
COM-6934,"[""HOST-1E5158E0DE2AE2A4"",""HOST-93DC4C9A1629C6AF""]",Claims & SAP,Low,PRD
COM-7765,"[""HOST-45A374EEC27A3640"",""HOST-C734DF4ECC30042B"",""HOST-33B6E086C9EC7F85"",""HOST-64C91C498B0178E9"",""HOST-AAAA69B2F01DA61A"",""HOST-2A6AC806458F08DF"",""HOST-A37FE8671AA66A8F"",""HOST-CC2CA2510522168B""]",null,null,PRD
COM-8110,"[""HOST-7A5D376C21F55D42""]",IT Infrastructure & Operations,Low,PRD
COM-8111,"[""HOST-589D64481D9461E0"",""HOST-D86056B1D51DF01F"",""HOST-5DA6CA9CFF2D5C95"",""HOST-DC9ADC12501ED324"",""HOST-295D7B435E144314""]",IT Infrastructure & Operations,Low,PRD
COM-8137,"[""HOST-B12E290D435B6006"",""HOST-D735E6627D60D78F"",""HOST-1C2C37581FCACA4D""]",IT Infrastructure & Operations,Low,PRD
COM-8150,"[""HOST-5E198F2A8BE35B32"",""HOST-AFA99CBC57A70B22"",""HOST-75324B9CDBDCB00F"",""HOST-3C631708A7A73053"",""HOST-4010826E690F5E26"",""HOST-9D66596C094A86EF"",""HOST-E7DA5914FC63B5E2"",""HOST-8555024B86CB561A"",""HOST-5F0F02E1ACBD08E6"",""HOST-BDD31EC7CD6406AC"",""HOST-758D6701CC5706E0"",""HOST-1D2C43B33C0E0A2B"",""HOST-206BBEDC1C95DB05"",""HOST-00427C9F084BEE79"",""HOST-B8B993EB42EA854D"",""HOST-1ACBAC3C239A3A21"",""HOST-2741579CB0F28FBB"",""HOST-B15F48D9A9CD0D15"",""HOST-2D9747B89AF360F9""]",Crop,Low,PRD
COM-8256,"[""HOST-F83725184912189A""]",Data Mgmt,Low,PRD